nameseq,k1,k2,k3,k4,k5,label
P1,1.9918642483937374,3.831401845392172,4.487122805397798,4.735926350629031,4.754887502163471,Psi_Site_Chen_MathFeature_Latest_5_0_10_5_1
P2,1.9741788778835272,3.694739663055176,4.487122805397798,4.735926350629031,4.754887502163471,Psi_Site_Chen_MathFeature_Latest_5_0_10_5_1
P3,1.8886215208062715,3.4280729963885093,4.21126073643228,4.521640636343317,4.606739354015323,Psi_Site_Chen_MathFeature_Latest_5_0_10_5_1
P4,1.7567958110719157,3.306890595608518,4.28022625367366,4.66449777920046,4.680813428089397,Psi_Site_Chen_MathFeature_Latest_5_0_10_5_1
P5,1.9361970401768431,3.6695767463163933,4.513153408920675,4.807354922057602,4.754887502163471,Psi_Site_Chen_MathFeature_Latest_5_0_10_5_1
P6,1.893660301709418,3.361406329721843,4.21126073643228,4.593069207771888,4.754887502163471,Psi_Site_Chen_MathFeature_Latest_5_0_10_5_1
P7,1.959714974151055,3.656564762130954,4.513153408920675,4.735926350629031,4.754887502163471,Psi_Site_Chen_MathFeature_Latest_5_0_10_5_1
P8,1.9002919728689043,3.3199025797939585,4.306256857196538,4.66449777920046,4.680813428089397,Psi_Site_Chen_MathFeature_Latest_5_0_10_5_1
P9,1.959714974151055,3.8062389286533893,4.625053839880556,4.807354922057602,4.754887502163471,Psi_Site_Chen_MathFeature_Latest_5_0_10_5_1
P10,1.8518177841906396,3.431401845392172,4.556088322639177,4.735926350629031,4.754887502163471,Psi_Site_Chen_MathFeature_Latest_5_0_10_5_1
P11,1.9315353975883323,3.7647351787255046,4.651084443403434,4.735926350629031,4.754887502163471,Psi_Site_Chen_MathFeature_Latest_5_0_10_5_1
P12,1.896686511734913,3.4817276788697367,4.418157288156418,4.735926350629031,4.754887502163471,Psi_Site_Chen_MathFeature_Latest_5_0_10_5_1
P13,1.8495291547981068,3.469576746316393,4.444187891679296,4.735926350629031,4.754887502163471,Psi_Site_Chen_MathFeature_Latest_5_0_10_5_1
P14,1.9538824106870534,3.6477426785812734,4.487122805397797,4.735926350629031,4.754887502163471,Psi_Site_Chen_MathFeature_Latest_5_0_10_5_1
P15,1.77614773312812,3.3722539283649273,4.237291339955158,4.66449777920046,4.754887502163471,Psi_Site_Chen_MathFeature_Latest_5_0_10_5_1
P16,1.893660301709418,3.6444138295776116,4.487122805397797,4.807354922057602,4.754887502163471,Psi_Site_Chen_MathFeature_Latest_5_0_10_5_1
P17,1.8665467592753475,3.469576746316393,4.487122805397798,4.66449777920046,4.680813428089397,Psi_Site_Chen_MathFeature_Latest_5_0_10_5_1
P18,1.8588657627029597,3.523231428797621,4.651084443403434,4.807354922057602,4.754887502163471,Psi_Site_Chen_MathFeature_Latest_5_0_10_5_1
P19,1.7964442003245937,3.377747162910944,4.582118926162054,4.807354922057602,4.754887502163471,Psi_Site_Chen_MathFeature_Latest_5_0_10_5_1
P20,1.9315353975883323,3.672905595320056,4.651084443403434,4.807354922057602,4.754887502163471,Psi_Site_Chen_MathFeature_Latest_5_0_10_5_1
P21,1.9918642483937374,3.2477426785812735,4.211260736432281,4.66449777920046,4.754887502163471,Psi_Site_Chen_MathFeature_Latest_5_0_10_5_1
P22,1.8283994118286357,3.4029100796497267,4.39212668463354,4.66449777920046,4.680813428089397,Psi_Site_Chen_MathFeature_Latest_5_0_10_5_1
P23,1.9793605205581077,3.8062389286533898,4.582118926162055,4.807354922057602,4.754887502163471,Psi_Site_Chen_MathFeature_Latest_5_0_10_5_1
P24,1.9616751500478973,3.6314018453921717,4.392126684633539,4.593069207771888,4.680813428089397,Psi_Site_Chen_MathFeature_Latest_5_0_10_5_1
P25,1.883439878131691,3.3777471629109446,4.418157288156418,4.66449777920046,4.754887502163471,Psi_Site_Chen_MathFeature_Latest_5_0_10_5_1
P26,1.7972774760975907,3.389898095464287,4.28022625367366,4.66449777920046,4.754887502163471,Psi_Site_Chen_MathFeature_Latest_5_0_10_5_1
P27,1.8029213019575816,3.2389205950315936,4.116264615668023,4.521640636343317,4.6808134280893965,Psi_Site_Chen_MathFeature_Latest_5_0_10_5_1
P28,1.9319193919445856,3.469576746316394,4.349191770915039,4.7359263506290326,4.754887502163471,Psi_Site_Chen_MathFeature_Latest_5_0_10_5_1
P29,1.9793605205581075,3.7647351787255046,4.720049960644813,4.807354922057602,4.754887502163471,Psi_Site_Chen_MathFeature_Latest_5_0_10_5_1
P30,1.930047730972216,3.6225797618424913,4.651084443403434,4.807354922057602,4.754887502163471,Psi_Site_Chen_MathFeature_Latest_5_0_10_5_1
P31,1.888621520806271,3.4477426785812737,4.375222374437917,4.735926350629031,4.754887502163471,Psi_Site_Chen_MathFeature_Latest_5_0_10_5_1
P32,1.8227996067202898,3.3492553971685,4.142295219190901,4.66449777920046,4.754887502163471,Psi_Site_Chen_MathFeature_Latest_5_0_10_5_1
P33,1.9616751500478973,3.8477426785812736,4.513153408920675,4.735926350629031,4.754887502163471,Psi_Site_Chen_MathFeature_Latest_5_0_10_5_1
P34,1.8877882450332746,3.644413829577611,4.418157288156418,4.735926350629031,4.754887502163471,Psi_Site_Chen_MathFeature_Latest_5_0_10_5_1
P35,1.9538824106870534,3.5240924804297173,4.418157288156419,4.66449777920046,4.754887502163471,Psi_Site_Chen_MathFeature_Latest_5_0_10_5_1
P36,1.8665467592753475,3.564735178725505,4.46109220187492,4.566108939837481,4.606739354015322,Psi_Site_Chen_MathFeature_Latest_5_0_10_5_1
P37,1.8596105235514835,3.498068512058838,4.32316116739216,4.66449777920046,4.754887502163471,Psi_Site_Chen_MathFeature_Latest_5_0_10_5_1
P38,1.8588657627029597,3.4729055953200563,4.418157288156418,4.735926350629031,4.754887502163471,Psi_Site_Chen_MathFeature_Latest_5_0_10_5_1
P39,1.9060572877172781,3.4729055953200563,4.513153408920675,4.807354922057602,4.754887502163471,Psi_Site_Chen_MathFeature_Latest_5_0_10_5_1
P40,1.9741788778835272,3.73624341298306,4.513153408920675,4.807354922057602,4.754887502163471,Psi_Site_Chen_MathFeature_Latest_5_0_10_5_1
P41,1.751708008456438,3.2947396630551755,4.582118926162055,4.807354922057602,4.754887502163471,Psi_Site_Chen_MathFeature_Latest_5_0_10_5_1
P42,1.997696811857739,3.739572261986723,4.582118926162054,4.807354922057602,4.754887502163471,Psi_Site_Chen_MathFeature_Latest_5_0_10_5_1
P43,1.9741788778835272,3.6444138295776107,4.349191770915039,4.66449777920046,4.680813428089397,Psi_Site_Chen_MathFeature_Latest_5_0_10_5_1
P44,1.8623101351622202,3.33624341298306,3.9783335811852645,4.378783493486175,4.606739354015322,Psi_Site_Chen_MathFeature_Latest_5_0_10_5_1
P45,1.9174554882121133,3.4980685120588384,4.444187891679296,4.66449777920046,4.754887502163471,Psi_Site_Chen_MathFeature_Latest_5_0_10_5_1
P46,1.9440391254239622,3.4477426785812733,4.28022625367366,4.593069207771888,4.680813428089397,Psi_Site_Chen_MathFeature_Latest_5_0_10_5_1
P47,1.8411803921927494,3.469576746316394,4.444187891679296,4.521640636343317,4.606739354015322,Psi_Site_Chen_MathFeature_Latest_5_0_10_5_1
P48,1.8646983261669612,3.426678197056295,4.349191770915039,4.735926350629031,4.754887502163471,Psi_Site_Chen_MathFeature_Latest_5_0_10_5_1
P49,1.9918642483937374,3.8314018453921714,4.720049960644813,4.807354922057602,4.754887502163471,Psi_Site_Chen_MathFeature_Latest_5_0_10_5_1
P50,1.901453041070262,3.5777471629109447,4.487122805397797,4.735926350629031,4.754887502163471,Psi_Site_Chen_MathFeature_Latest_5_0_10_5_1
P51,1.896686511734913,3.539572261986723,4.280226253673661,4.66449777920046,4.680813428089397,Psi_Site_Chen_MathFeature_Latest_5_0_10_5_1
P52,1.919033524833634,3.514409345247941,4.375222374437917,4.807354922057602,4.754887502163471,Psi_Site_Chen_MathFeature_Latest_5_0_10_5_1
P53,1.9241266525837417,3.539572261986723,4.28022625367366,4.593069207771888,4.6808134280893965,Psi_Site_Chen_MathFeature_Latest_5_0_10_5_1
P54,1.7865568943098573,3.0947396630551762,3.948859340762046,4.280394654123194,4.458591205867174,Psi_Site_Chen_MathFeature_Latest_5_0_10_5_1
P55,1.7672934871781263,3.0341969466957175,3.850419583097448,4.208966082694623,4.532665279941248,Psi_Site_Chen_MathFeature_Latest_5_0_10_5_1
P56,1.9060572877172781,3.330750178437042,4.375222374437916,4.735926350629031,4.754887502163471,Psi_Site_Chen_MathFeature_Latest_5_0_10_5_1
P57,1.6397449158676556,3.1077516472406157,3.9734470484240134,4.392724905113431,4.578780557638898,Psi_Site_Chen_MathFeature_Latest_5_0_10_5_1
P58,1.9538824106870534,3.7395722619867224,4.651084443403434,4.807354922057602,4.754887502163471,Psi_Site_Chen_MathFeature_Latest_5_0_10_5_1
P59,1.77614773312812,3.377747162910944,4.32316116739216,4.735926350629031,4.754887502163471,Psi_Site_Chen_MathFeature_Latest_5_0_10_5_1
P60,1.9918642483937374,3.7810760119146067,4.582118926162054,4.735926350629031,4.754887502163471,Psi_Site_Chen_MathFeature_Latest_5_0_10_5_1
P61,1.9741788778835272,3.602910079649727,4.487122805397798,4.735926350629031,4.754887502163471,Psi_Site_Chen_MathFeature_Latest_5_0_10_5_1
P62,1.997696811857739,3.7647351787255054,4.651084443403434,4.735926350629031,4.754887502163471,Psi_Site_Chen_MathFeature_Latest_5_0_10_5_1
P63,1.8877882450332746,3.4947396630551757,4.349191770915039,4.66449777920046,4.754887502163471,Psi_Site_Chen_MathFeature_Latest_5_0_10_5_1
P64,1.7865568943098573,3.3110804962442777,4.306256857196538,4.593069207771888,4.6808134280893965,Psi_Site_Chen_MathFeature_Latest_5_0_10_5_1
P65,1.997696811857739,3.8062389286533893,4.582118926162055,4.735926350629031,4.754887502163471,Psi_Site_Chen_MathFeature_Latest_5_0_10_5_1
P66,1.997696811857739,3.6817276788697364,4.556088322639176,4.735926350629031,4.754887502163471,Psi_Site_Chen_MathFeature_Latest_5_0_10_5_1
P67,1.9241266525837417,3.6729055953200564,4.513153408920675,4.735926350629031,4.754887502163471,Psi_Site_Chen_MathFeature_Latest_5_0_10_5_1
P68,1.9616751500478973,3.739572261986723,4.651084443403434,4.807354922057602,4.754887502163471,Psi_Site_Chen_MathFeature_Latest_5_0_10_5_1
P69,1.8283994118286357,3.18936434776417,4.211260736432281,4.566108939837479,4.6808134280893965,Psi_Site_Chen_MathFeature_Latest_5_0_10_5_1
P70,1.8787782355431801,3.552584246172162,4.418157288156418,4.735926350629031,4.754887502163471,Psi_Site_Chen_MathFeature_Latest_5_0_10_5_1
P71,1.9585030291564345,3.6565647621309543,4.323161167392161,4.66449777920046,4.754887502163471,Psi_Site_Chen_MathFeature_Latest_5_0_10_5_1
P72,1.8163566731648142,3.3483943455364034,4.349191770915039,4.807354922057602,4.754887502163471,Psi_Site_Chen_MathFeature_Latest_5_0_10_5_1
P73,1.7983158612969632,3.2355917460279304,4.237291339955158,4.66449777920046,4.754887502163471,Psi_Site_Chen_MathFeature_Latest_5_0_10_5_1
P74,1.9808500422551556,3.6565647621309534,4.513153408920675,4.735926350629031,4.754887502163471,Psi_Site_Chen_MathFeature_Latest_5_0_10_5_1
P75,1.8409031396642659,3.4410849805739487,4.237291339955158,4.593069207771888,4.754887502163471,Psi_Site_Chen_MathFeature_Latest_5_0_10_5_1
P76,1.951831864784806,3.573557262275185,4.297130563869283,4.566108939837481,4.754887502163471,Psi_Site_Chen_MathFeature_Latest_5_0_10_5_1
P77,1.9538824106870534,3.6314018453921713,4.349191770915039,4.66449777920046,4.754887502163471,Psi_Site_Chen_MathFeature_Latest_5_0_10_5_1
P78,1.9741788778835272,3.6565647621309543,4.32316116739216,4.566108939837479,4.680813428089397,Psi_Site_Chen_MathFeature_Latest_5_0_10_5_1
P79,1.9002919728689043,3.4695767463163936,4.349191770915039,4.807354922057602,4.754887502163471,Psi_Site_Chen_MathFeature_Latest_5_0_10_5_1
P80,1.8409031396642657,3.2859175795054956,4.28022625367366,4.66449777920046,4.754887502163471,Psi_Site_Chen_MathFeature_Latest_5_0_10_5_1
P81,1.8283994118286357,3.2989295636909355,3.909368063943885,4.396291529045928,4.606739354015323,Psi_Site_Chen_MathFeature_Latest_5_0_10_5_1
P82,1.7206856343376011,3.3144093452479404,4.513153408920675,4.807354922057602,4.754887502163471,Psi_Site_Chen_MathFeature_Latest_5_0_10_5_1
P83,1.8424470082082745,3.4859175795054957,4.306256857196537,4.807354922057602,4.754887502163471,Psi_Site_Chen_MathFeature_Latest_5_0_10_5_1
P84,1.959714974151055,3.6695767463163937,4.487122805397798,4.66449777920046,4.754887502163471,Psi_Site_Chen_MathFeature_Latest_5_0_10_5_1
P85,1.9918642483937377,3.7144093452479403,4.349191770915039,4.593069207771888,4.680813428089397,Psi_Site_Chen_MathFeature_Latest_5_0_10_5_1
P86,1.7567958110719157,2.9744183139072824,3.935398667466764,4.593069207771888,4.754887502163471,Psi_Site_Chen_MathFeature_Latest_5_0_10_5_1
P87,1.7258672770121817,3.269576746316394,4.444187891679296,4.807354922057602,4.754887502163471,Psi_Site_Chen_MathFeature_Latest_5_0_10_5_1
P88,1.876496786366209,3.4192509128388293,4.21126073643228,4.593069207771888,4.6808134280893965,Psi_Site_Chen_MathFeature_Latest_5_0_10_5_1
P89,1.7496134418025457,3.2681819469841797,4.21126073643228,4.66449777920046,4.754887502163471,Psi_Site_Chen_MathFeature_Latest_5_0_10_5_1
P90,1.883439878131691,3.4892464285091576,4.487122805397798,4.735926350629031,4.754887502163471,Psi_Site_Chen_MathFeature_Latest_5_0_10_5_1
P91,1.7964442003245937,3.364735178725505,4.073329701949522,4.450212064914748,4.606739354015323,Psi_Site_Chen_MathFeature_Latest_5_0_10_5_1
P92,1.8623101351622202,3.431401845392172,4.142295219190901,4.450212064914746,4.606739354015322,Psi_Site_Chen_MathFeature_Latest_5_0_10_5_1
P93,1.8588657627029597,3.511080496244278,4.349191770915039,4.735926350629031,4.754887502163471,Psi_Site_Chen_MathFeature_Latest_5_0_10_5_1
P94,1.9918642483937377,3.631401845392172,4.349191770915039,4.66449777920046,4.754887502163471,Psi_Site_Chen_MathFeature_Latest_5_0_10_5_1
P95,1.9174554882121133,3.7199025797939584,4.366096081110661,4.593069207771888,4.6808134280893965,Psi_Site_Chen_MathFeature_Latest_5_0_10_5_1
P96,1.8596105235514835,3.4029100796497267,4.237291339955158,4.593069207771888,4.6808134280893965,Psi_Site_Chen_MathFeature_Latest_5_0_10_5_1
P97,1.9648966168256354,3.7647351787255046,4.789015477886192,4.807354922057602,4.754887502163471,Psi_Site_Chen_MathFeature_Latest_5_0_10_5_1
P98,1.979360520558108,3.5492553971685,4.461092201874919,4.735926350629031,4.754887502163471,Psi_Site_Chen_MathFeature_Latest_5_0_10_5_1
P99,1.8877882450332746,3.419250912838829,4.306256857196538,4.66449777920046,4.754887502163471,Psi_Site_Chen_MathFeature_Latest_5_0_10_5_1
P100,1.8068533615063314,3.4159220638351666,4.513153408920675,4.66449777920046,4.6808134280893965,Psi_Site_Chen_MathFeature_Latest_5_0_10_5_1
P101,1.9361970401768431,3.40623892865339,4.444187891679296,4.735926350629031,4.754887502163471,Psi_Site_Chen_MathFeature_Latest_5_0_10_5_1
P102,1.8787782355431801,3.6892464285091577,4.625053839880556,4.807354922057602,4.754887502163471,Psi_Site_Chen_MathFeature_Latest_5_0_10_5_1
P103,1.9585030291564345,3.5614063297218426,4.444187891679297,4.735926350629031,4.754887502163471,Psi_Site_Chen_MathFeature_Latest_5_0_10_5_1
P104,1.5925371919459592,2.955913095175825,3.82783261647491,4.324862957617356,4.504706483564824,Psi_Site_Chen_MathFeature_Latest_5_0_10_5_1
P105,1.930047730972216,3.7232314287976207,4.513153408920676,4.807354922057602,4.754887502163471,Psi_Site_Chen_MathFeature_Latest_5_0_10_5_1
P106,1.8665467592753475,3.53624341298306,4.651084443403434,4.807354922057602,4.754887502163471,Psi_Site_Chen_MathFeature_Latest_5_0_10_5_1
P107,1.9793605205581075,3.840223928941852,4.582118926162055,4.807354922057602,4.754887502163471,Psi_Site_Chen_MathFeature_Latest_5_0_10_5_1
P108,1.816356673164814,3.3940879961000467,4.21126073643228,4.66449777920046,4.754887502163471,Psi_Site_Chen_MathFeature_Latest_5_0_10_5_1
P109,1.9793605205581077,3.8729055953200557,4.651084443403434,4.735926350629031,4.754887502163471,Psi_Site_Chen_MathFeature_Latest_5_0_10_5_1
P110,1.6001908764824528,2.9492553971685,3.8573068568981284,4.494680368408908,4.6808134280893965,Psi_Site_Chen_MathFeature_Latest_5_0_10_5_1
P111,1.8971590210156395,3.2859175795054956,4.1162646156680225,4.593069207771888,4.6808134280893965,Psi_Site_Chen_MathFeature_Latest_5_0_10_5_1
P112,1.7241353319314916,3.256031014430837,4.34919177091504,4.735926350629032,4.754887502163471,Psi_Site_Chen_MathFeature_Latest_5_0_10_5_1
P113,1.8518177841906396,3.518507780461744,4.556088322639177,4.735926350629031,4.754887502163471,Psi_Site_Chen_MathFeature_Latest_5_0_10_5_1
P114,1.8646983261669612,3.4280729963885093,4.185230132909402,4.66449777920046,4.754887502163471,Psi_Site_Chen_MathFeature_Latest_5_0_10_5_1
P115,1.8279831044758021,3.4444138295776114,4.392126684633539,4.66449777920046,4.754887502163471,Psi_Site_Chen_MathFeature_Latest_5_0_10_5_1
P116,1.893660301709418,3.4681819469841795,4.418157288156418,4.807354922057602,4.754887502163471,Psi_Site_Chen_MathFeature_Latest_5_0_10_5_1
P117,1.906057287717278,3.3110804962442777,4.418157288156418,4.807354922057602,4.754887502163471,Psi_Site_Chen_MathFeature_Latest_5_0_10_5_1
P118,1.9648966168256354,3.789898095464287,4.418157288156418,4.735926350629031,4.754887502163471,Psi_Site_Chen_MathFeature_Latest_5_0_10_5_1
P119,1.8411803921927494,3.260754662766713,4.349191770915039,4.807354922057602,4.754887502163471,Psi_Site_Chen_MathFeature_Latest_5_0_10_5_1
P120,1.919033524833634,3.5525842461721626,4.487122805397798,4.735926350629031,4.754887502163471,Psi_Site_Chen_MathFeature_Latest_5_0_10_5_1
P121,1.7206856343376011,3.185174447128411,4.185230132909402,4.593069207771888,4.754887502163471,Psi_Site_Chen_MathFeature_Latest_5_0_10_5_1
P122,1.9538824106870534,3.694739663055176,4.487122805397798,4.735926350629031,4.754887502163471,Psi_Site_Chen_MathFeature_Latest_5_0_10_5_1
P123,1.9361970401768431,3.469576746316394,4.582118926162055,4.735926350629031,4.754887502163471,Psi_Site_Chen_MathFeature_Latest_5_0_10_5_1
P124,1.9202044457091245,3.485917579505496,4.159199529386524,4.521640636343317,4.6808134280893965,Psi_Site_Chen_MathFeature_Latest_5_0_10_5_1
P125,1.9808500422551556,3.7395722619867224,4.582118926162055,4.807354922057602,4.754887502163471,Psi_Site_Chen_MathFeature_Latest_5_0_10_5_1
P126,1.997696811857739,3.6892464285091577,4.651084443403434,4.735926350629031,4.754887502163471,Psi_Site_Chen_MathFeature_Latest_5_0_10_5_1
P127,1.9538824106870534,3.428072996388509,4.228165046627903,4.494680368408908,4.754887502163471,Psi_Site_Chen_MathFeature_Latest_5_0_10_5_1
P128,1.9616751500478973,3.781076011914607,4.625053839880556,4.807354922057602,4.754887502163471,Psi_Site_Chen_MathFeature_Latest_5_0_10_5_1
P129,1.930047730972216,3.339572261986723,4.0472990984266435,4.396291529045927,4.504706483564823,Psi_Site_Chen_MathFeature_Latest_5_0_10_5_1
P130,1.8495291547981068,3.2737666469521525,4.21126073643228,4.593069207771888,4.754887502163471,Psi_Site_Chen_MathFeature_Latest_5_0_10_5_1
P131,1.9538824106870534,3.6314018453921713,4.582118926162055,4.807354922057602,4.754887502163471,Psi_Site_Chen_MathFeature_Latest_5_0_10_5_1
P132,1.9648966168256354,3.523231428797621,4.487122805397798,4.807354922057602,4.754887502163471,Psi_Site_Chen_MathFeature_Latest_5_0_10_5_1
P133,1.9319193919445856,3.5348486136508463,4.444187891679296,4.735926350629031,4.754887502163471,Psi_Site_Chen_MathFeature_Latest_5_0_10_5_1
P134,1.7616838293956474,3.0519325792170333,3.948859340762046,4.423251796980336,4.754887502163471,Psi_Site_Chen_MathFeature_Latest_5_0_10_5_1
P135,1.9585030291564345,3.644413829577611,4.513153408920675,4.66449777920046,4.754887502163471,Psi_Site_Chen_MathFeature_Latest_5_0_10_5_1
P136,1.9060572877172781,3.511080496244278,4.375222374437917,4.450212064914746,4.532665279941249,Psi_Site_Chen_MathFeature_Latest_5_0_10_5_1
P137,1.9918642483937374,3.52742132943338,4.349191770915039,4.735926350629031,4.754887502163471,Psi_Site_Chen_MathFeature_Latest_5_0_10_5_1
P138,1.9741788778835272,3.4859175795054957,4.349191770915039,4.735926350629031,4.754887502163471,Psi_Site_Chen_MathFeature_Latest_5_0_10_5_1
P139,1.8279831044758021,3.507751647240615,4.444187891679296,4.66449777920046,4.754887502163471,Psi_Site_Chen_MathFeature_Latest_5_0_10_5_1
P140,1.7894957834244818,3.1777471629109453,4.142295219190901,4.494680368408908,4.680813428089397,Psi_Site_Chen_MathFeature_Latest_5_0_10_5_1
P141,1.8787782355431801,3.5362434129830596,4.418157288156418,4.735926350629031,4.754887502163471,Psi_Site_Chen_MathFeature_Latest_5_0_10_5_1
P142,1.811040639733184,3.3492553971684997,4.349191770915039,4.66449777920046,4.754887502163471,Psi_Site_Chen_MathFeature_Latest_5_0_10_5_1
P143,1.893660301709418,3.640223928941852,4.418157288156418,4.807354922057602,4.754887502163471,Psi_Site_Chen_MathFeature_Latest_5_0_10_5_1
P144,1.7972774760975907,3.123231428797621,4.181786496009061,4.593069207771888,4.754887502163471,Psi_Site_Chen_MathFeature_Latest_5_0_10_5_1
P145,1.9319193919445856,3.3492553971684997,4.254195650150781,4.66449777920046,4.754887502163471,Psi_Site_Chen_MathFeature_Latest_5_0_10_5_1
P146,1.893660301709418,3.4410849805739483,4.487122805397798,4.735926350629031,4.754887502163471,Psi_Site_Chen_MathFeature_Latest_5_0_10_5_1
P147,1.8495291547981068,3.514409345247941,4.582118926162055,4.807354922057602,4.754887502163471,Psi_Site_Chen_MathFeature_Latest_5_0_10_5_1
P148,1.9918642483937377,3.6729055953200556,4.513153408920675,4.66449777920046,4.754887502163471,Psi_Site_Chen_MathFeature_Latest_5_0_10_5_1
P149,1.9440391254239622,3.581076011914607,4.582118926162055,4.735926350629031,4.754887502163471,Psi_Site_Chen_MathFeature_Latest_5_0_10_5_1
P150,1.8518177841906396,3.472905595320056,4.487122805397798,4.66449777920046,4.754887502163471,Psi_Site_Chen_MathFeature_Latest_5_0_10_5_1
P151,1.8135245258779595,3.472905595320056,4.142295219190902,4.521640636343317,4.6808134280893965,Psi_Site_Chen_MathFeature_Latest_5_0_10_5_1
P152,1.8163566731648142,3.41506101220307,4.418157288156418,4.807354922057602,4.754887502163471,Psi_Site_Chen_MathFeature_Latest_5_0_10_5_1
P153,1.893660301709418,3.6062389286533896,4.4871228053977985,4.735926350629031,4.754887502163471,Psi_Site_Chen_MathFeature_Latest_5_0_10_5_1
P154,1.7050097856105084,3.2159220638351664,4.090234012145144,4.521640636343317,4.754887502163471,Psi_Site_Chen_MathFeature_Latest_5_0_10_5_1
P155,1.686358603651183,3.1274213294333797,4.073329701949522,4.450212064914746,4.532665279941249,Psi_Site_Chen_MathFeature_Latest_5_0_10_5_1
P156,1.621842474618925,3.0922718656836103,4.0472990984266435,4.450212064914746,4.754887502163471,Psi_Site_Chen_MathFeature_Latest_5_0_10_5_1
P157,1.6673175923926022,2.981076011914607,3.809485410418376,4.378783493486175,4.6808134280893965,Psi_Site_Chen_MathFeature_Latest_5_0_10_5_1
P158,1.9241266525837417,3.644413829577611,4.513153408920675,4.66449777920046,4.6808134280893965,Psi_Site_Chen_MathFeature_Latest_5_0_10_5_1
P159,1.8279831044758021,3.3478605978362856,4.254195650150781,4.521640636343317,4.6808134280893965,Psi_Site_Chen_MathFeature_Latest_5_0_10_5_1
P160,1.959714974151055,3.5898980954642874,4.487122805397798,4.735926350629031,4.754887502163471,Psi_Site_Chen_MathFeature_Latest_5_0_10_5_1
P161,1.951831864784806,3.4859175795054957,4.349191770915039,4.735926350629031,4.754887502163471,Psi_Site_Chen_MathFeature_Latest_5_0_10_5_1
P162,1.8787782355431797,3.581076011914607,4.651084443403434,4.66449777920046,4.6808134280893965,Psi_Site_Chen_MathFeature_Latest_5_0_10_5_1
P163,1.845417016305877,3.5898980954642874,4.651084443403434,4.807354922057602,4.754887502163471,Psi_Site_Chen_MathFeature_Latest_5_0_10_5_1
P164,1.9241266525837417,3.656564762130954,4.625053839880556,4.807354922057602,4.754887502163471,Psi_Site_Chen_MathFeature_Latest_5_0_10_5_1
P165,1.9741788778835272,3.5898980954642874,4.582118926162054,4.735926350629031,4.754887502163471,Psi_Site_Chen_MathFeature_Latest_5_0_10_5_1
P166,1.9538824106870534,3.456564762130954,4.185230132909402,4.450212064914746,4.606739354015323,Psi_Site_Chen_MathFeature_Latest_5_0_10_5_1
P167,1.8227996067202898,3.2980685120588387,4.254195650150781,4.593069207771888,4.6808134280893965,Psi_Site_Chen_MathFeature_Latest_5_0_10_5_1
P168,1.0942658959797504,1.9717656687748428,2.715258047285585,3.3082774773777084,3.7639657428240816,Psi_Site_Chen_MathFeature_Latest_5_0_10_5_1
P169,1.8074584064631758,3.4062389286533894,4.349191770915039,4.735926350629031,4.754887502163471,Psi_Site_Chen_MathFeature_Latest_5_0_10_5_1
P170,1.9300477309722162,3.7068905956085185,4.513153408920675,4.735926350629031,4.754887502163471,Psi_Site_Chen_MathFeature_Latest_5_0_10_5_1
P171,1.8665467592753477,3.589898095464288,4.651084443403434,4.807354922057602,4.754887502163471,Psi_Site_Chen_MathFeature_Latest_5_0_10_5_1
P172,1.8074584064631756,3.293344863722962,4.159199529386524,4.423251796980336,4.606739354015322,Psi_Site_Chen_MathFeature_Latest_5_0_10_5_1
P173,1.9585030291564345,3.6062389286533896,4.513153408920675,4.807354922057602,4.754887502163471,Psi_Site_Chen_MathFeature_Latest_5_0_10_5_1
P174,1.7672934871781263,3.247742678581274,4.323161167392161,4.63753751126605,4.754887502163471,Psi_Site_Chen_MathFeature_Latest_5_0_10_5_1
P175,1.9315353975883323,3.564735178725505,4.349191770915039,4.807354922057602,4.754887502163471,Psi_Site_Chen_MathFeature_Latest_5_0_10_5_1
P176,1.867764029404598,3.482588730501833,4.185230132909402,4.494680368408908,4.606739354015323,Psi_Site_Chen_MathFeature_Latest_5_0_10_5_1
P177,1.7865568943098575,3.3525842461721624,4.306256857196538,4.735926350629031,4.754887502163471,Psi_Site_Chen_MathFeature_Latest_5_0_10_5_1
P178,1.7740971872258726,3.307751647240616,4.28022625367366,4.593069207771888,4.6808134280893965,Psi_Site_Chen_MathFeature_Latest_5_0_10_5_1
P179,1.7247403768883358,3.2540969647593885,4.323161167392161,4.66449777920046,4.754887502163471,Psi_Site_Chen_MathFeature_Latest_5_0_10_5_1
P180,1.8698256219945806,3.4695767463163936,4.556088322639177,4.807354922057602,4.754887502163471,Psi_Site_Chen_MathFeature_Latest_5_0_10_5_1
P181,1.8283994118286357,3.444413829577611,4.375222374437917,4.807354922057602,4.754887502163471,Psi_Site_Chen_MathFeature_Latest_5_0_10_5_1
P182,1.944039125423962,3.694739663055176,4.651084443403434,4.807354922057602,4.754887502163471,Psi_Site_Chen_MathFeature_Latest_5_0_10_5_1
P183,1.944039125423962,3.5395722619867227,4.28022625367366,4.66449777920046,4.754887502163471,Psi_Site_Chen_MathFeature_Latest_5_0_10_5_1
P184,1.8665467592753475,2.9852659125503664,3.809485410418376,4.249867762256289,4.458591205867174,Psi_Site_Chen_MathFeature_Latest_5_0_10_5_1
P185,1.8665467592753475,3.4729055953200563,4.1852301329094015,4.423251796980336,4.532665279941248,Psi_Site_Chen_MathFeature_Latest_5_0_10_5_1
P186,1.9538824106870534,3.532914563979397,4.168325822713779,4.521640636343317,4.532665279941248,Psi_Site_Chen_MathFeature_Latest_5_0_10_5_1
P187,1.9616751500478973,3.5362434129830604,4.34919177091504,4.735926350629031,4.754887502163471,Psi_Site_Chen_MathFeature_Latest_5_0_10_5_1
P188,1.8411803921927494,3.494739663055176,4.375222374437917,4.66449777920046,4.754887502163471,Psi_Site_Chen_MathFeature_Latest_5_0_10_5_1
P189,1.9741788778835272,3.698068512058838,4.444187891679296,4.735926350629031,4.754887502163471,Psi_Site_Chen_MathFeature_Latest_5_0_10_5_1
P190,1.9741788778835272,3.5492553971685,4.32316116739216,4.494680368408908,4.606739354015323,Psi_Site_Chen_MathFeature_Latest_5_0_10_5_1
P191,1.9918642483937374,3.7647351787255046,4.720049960644813,4.807354922057602,4.754887502163471,Psi_Site_Chen_MathFeature_Latest_5_0_10_5_1
P192,1.7865568943098573,3.4574258137630505,4.418157288156418,4.807354922057602,4.754887502163471,Psi_Site_Chen_MathFeature_Latest_5_0_10_5_1
P193,1.8698256219945806,3.444413829577611,4.513153408920675,4.735926350629031,4.754887502163471,Psi_Site_Chen_MathFeature_Latest_5_0_10_5_1
P194,1.883439878131691,3.498068512058838,4.513153408920675,4.807354922057602,4.754887502163471,Psi_Site_Chen_MathFeature_Latest_5_0_10_5_1
P195,1.867764029404598,3.511080496244278,4.582118926162054,4.735926350629031,4.754887502163471,Psi_Site_Chen_MathFeature_Latest_5_0_10_5_1
P196,1.959714974151055,3.698068512058838,4.487122805397798,4.66449777920046,4.754887502163471,Psi_Site_Chen_MathFeature_Latest_5_0_10_5_1
P197,1.9851930840221093,3.748394345536403,4.444187891679296,4.66449777920046,4.754887502163471,Psi_Site_Chen_MathFeature_Latest_5_0_10_5_1
P198,1.930047730972216,3.672905595320056,4.513153408920675,4.807354922057602,4.754887502163471,Psi_Site_Chen_MathFeature_Latest_5_0_10_5_1
P199,1.893660301709418,3.3810760119146073,4.28022625367366,4.735926350629031,4.754887502163471,Psi_Site_Chen_MathFeature_Latest_5_0_10_5_1
P200,1.7740971872258724,3.2859175795054956,4.211260736432281,4.566108939837479,4.6808134280893965,Psi_Site_Chen_MathFeature_Latest_5_0_10_5_1
P201,1.9174554882121133,3.1763523635787307,3.9262723741395082,4.324862957617356,4.504706483564823,Psi_Site_Chen_MathFeature_Latest_5_0_10_5_1
P202,1.959714974151055,3.5777471629109447,4.349191770915039,4.735926350629031,4.754887502163471,Psi_Site_Chen_MathFeature_Latest_5_0_10_5_1
P203,1.8588657627029597,3.6565647621309543,4.487122805397797,4.735926350629031,4.754887502163471,Psi_Site_Chen_MathFeature_Latest_5_0_10_5_1
P204,1.944039125423962,3.311080496244278,4.185230132909402,4.450212064914746,4.532665279941249,Psi_Site_Chen_MathFeature_Latest_5_0_10_5_1
P205,1.979360520558108,3.6225797618424913,4.487122805397798,4.735926350629031,4.754887502163471,Psi_Site_Chen_MathFeature_Latest_5_0_10_5_1
P206,1.8966865117349128,3.247742678581274,4.21126073643228,4.66449777920046,4.754887502163471,Psi_Site_Chen_MathFeature_Latest_5_0_10_5_1
P207,1.9241266525837417,3.669576746316393,4.651084443403434,4.807354922057602,4.754887502163471,Psi_Site_Chen_MathFeature_Latest_5_0_10_5_1
P208,1.888621520806271,3.5898980954642874,4.513153408920675,4.735926350629031,4.754887502163471,Psi_Site_Chen_MathFeature_Latest_5_0_10_5_1
P209,1.9202044457091245,3.4225797618424916,4.418157288156418,4.66449777920046,4.680813428089397,Psi_Site_Chen_MathFeature_Latest_5_0_10_5_1
P210,1.9793605205581077,3.656564762130954,4.487122805397798,4.735926350629031,4.754887502163471,Psi_Site_Chen_MathFeature_Latest_5_0_10_5_1
P211,1.7496134418025457,3.2225797618424914,4.0472990984266435,4.324862957617356,4.43063240949075,Psi_Site_Chen_MathFeature_Latest_5_0_10_5_1
P212,1.9300477309722162,3.428072996388509,4.237291339955158,4.521640636343317,4.606739354015323,Psi_Site_Chen_MathFeature_Latest_5_0_10_5_1
P213,1.959714974151055,3.4477426785812737,4.34919177091504,4.807354922057602,4.754887502163471,Psi_Site_Chen_MathFeature_Latest_5_0_10_5_1
P214,1.9538824106870534,3.7144093452479403,4.651084443403434,4.807354922057602,4.754887502163471,Psi_Site_Chen_MathFeature_Latest_5_0_10_5_1
P215,1.9851930840221093,3.5144093452479406,4.418157288156418,4.735926350629031,4.754887502163471,Psi_Site_Chen_MathFeature_Latest_5_0_10_5_1
P216,1.9300477309722162,3.631401845392172,4.461092201874918,4.735926350629031,4.754887502163471,Psi_Site_Chen_MathFeature_Latest_5_0_10_5_1
P217,1.9319193919445856,3.431401845392172,4.21126073643228,4.593069207771888,4.6808134280893965,Psi_Site_Chen_MathFeature_Latest_5_0_10_5_1
P218,1.7567958110719155,3.4845227801732817,4.254195650150781,4.66449777920046,4.754887502163471,Psi_Site_Chen_MathFeature_Latest_5_0_10_5_1
P219,1.8877882450332746,3.4192509128388293,4.280226253673659,4.593069207771888,4.680813428089397,Psi_Site_Chen_MathFeature_Latest_5_0_10_5_1
P220,1.9741788778835272,3.672905595320056,4.651084443403434,4.807354922057602,4.754887502163471,Psi_Site_Chen_MathFeature_Latest_5_0_10_5_1
P221,1.9793605205581075,3.6892464285091577,4.582118926162055,4.807354922057602,4.754887502163471,Psi_Site_Chen_MathFeature_Latest_5_0_10_5_1
P222,1.7314115412599644,3.311080496244278,4.306256857196537,4.593069207771888,4.606739354015323,Psi_Site_Chen_MathFeature_Latest_5_0_10_5_1
P223,1.696240074722917,3.0547731686306117,3.8798938235206664,4.450212064914746,4.6808134280893965,Psi_Site_Chen_MathFeature_Latest_5_0_10_5_1
P224,1.9741788778835272,3.602910079649727,4.513153408920675,4.735926350629031,4.754887502163471,Psi_Site_Chen_MathFeature_Latest_5_0_10_5_1
P225,1.997696811857739,3.5232314287976205,4.418157288156418,4.593069207771888,4.6808134280893965,Psi_Site_Chen_MathFeature_Latest_5_0_10_5_1
P226,1.7964442003245937,3.4062389286533894,4.142295219190902,4.494680368408908,4.680813428089397,Psi_Site_Chen_MathFeature_Latest_5_0_10_5_1
P227,1.9315353975883323,3.3483943455364034,4.090234012145145,4.593069207771888,4.754887502163471,Psi_Site_Chen_MathFeature_Latest_5_0_10_5_1
P228,1.9741788778835272,3.402910079649727,4.349191770915038,4.593069207771888,4.606739354015322,Psi_Site_Chen_MathFeature_Latest_5_0_10_5_1
P229,1.8971590210156397,3.6062389286533896,4.582118926162056,4.807354922057602,4.754887502163471,Psi_Site_Chen_MathFeature_Latest_5_0_10_5_1
P230,1.893660301709418,3.4477426785812737,4.349191770915039,4.66449777920046,4.754887502163471,Psi_Site_Chen_MathFeature_Latest_5_0_10_5_1
P231,1.9648966168256354,3.685917579505496,4.487122805397798,4.807354922057602,4.754887502163471,Psi_Site_Chen_MathFeature_Latest_5_0_10_5_1
P232,1.9538824106870534,3.7483943455364033,4.513153408920675,4.66449777920046,4.6808134280893965,Psi_Site_Chen_MathFeature_Latest_5_0_10_5_1
P233,1.9143718822451232,3.6695767463163937,4.487122805397797,4.735926350629031,4.754887502163471,Psi_Site_Chen_MathFeature_Latest_5_0_10_5_1
P234,1.8588657627029597,3.511080496244278,4.349191770915039,4.593069207771888,4.6808134280893965,Psi_Site_Chen_MathFeature_Latest_5_0_10_5_1
P235,1.979360520558108,3.6314018453921717,4.513153408920675,4.807354922057602,4.754887502163471,Psi_Site_Chen_MathFeature_Latest_5_0_10_5_1
P236,1.876496786366209,3.5395722619867227,4.32316116739216,4.521640636343317,4.680813428089397,Psi_Site_Chen_MathFeature_Latest_5_0_10_5_1
P237,1.8787782355431801,3.3395722619867225,4.418157288156418,4.66449777920046,4.754887502163471,Psi_Site_Chen_MathFeature_Latest_5_0_10_5_1
P238,1.9741788778835272,3.5777471629109443,4.487122805397798,4.66449777920046,4.6808134280893965,Psi_Site_Chen_MathFeature_Latest_5_0_10_5_1
P239,1.9143718822451232,3.802910079649727,4.444187891679296,4.735926350629031,4.754887502163471,Psi_Site_Chen_MathFeature_Latest_5_0_10_5_1
P240,1.9143718822451232,3.6192509128388286,4.487122805397798,4.735926350629031,4.754887502163471,Psi_Site_Chen_MathFeature_Latest_5_0_10_5_1
P241,1.9741788778835272,3.606238928653389,4.444187891679296,4.735926350629031,4.754887502163471,Psi_Site_Chen_MathFeature_Latest_5_0_10_5_1
P242,1.9361970401768431,3.6662478973127315,4.513153408920675,4.807354922057602,4.754887502163471,Psi_Site_Chen_MathFeature_Latest_5_0_10_5_1
P243,1.6909298762342893,3.172253928364927,4.112820978767683,4.566108939837479,4.754887502163471,Psi_Site_Chen_MathFeature_Latest_5_0_10_5_1
P244,1.9300477309722162,3.681727678869737,4.556088322639177,4.66449777920046,4.6808134280893965,Psi_Site_Chen_MathFeature_Latest_5_0_10_5_1
P245,1.9440391254239622,3.6729055953200556,4.582118926162054,4.735926350629031,4.754887502163471,Psi_Site_Chen_MathFeature_Latest_5_0_10_5_1
P246,1.8068533615063314,3.2029100796497265,4.030394788231021,4.450212064914746,4.532665279941249,Psi_Site_Chen_MathFeature_Latest_5_0_10_5_1
P247,1.9793605205581077,3.498068512058838,4.116264615668023,4.450212064914746,4.6808134280893965,Psi_Site_Chen_MathFeature_Latest_5_0_10_5_1
P248,1.9002919728689043,3.444413829577611,4.392126684633539,4.593069207771888,4.680813428089397,Psi_Site_Chen_MathFeature_Latest_5_0_10_5_1
P249,1.9741788778835272,3.5647351787255053,4.513153408920675,4.807354922057602,4.754887502163471,Psi_Site_Chen_MathFeature_Latest_5_0_10_5_1
P250,1.9538824106870534,3.672905595320056,4.720049960644813,4.807354922057602,4.754887502163471,Psi_Site_Chen_MathFeature_Latest_5_0_10_5_1
P251,1.9808500422551556,3.3898980954642877,4.297130563869282,4.566108939837479,4.6808134280893965,Psi_Site_Chen_MathFeature_Latest_5_0_10_5_1
P252,1.9300477309722162,3.6314018453921713,4.375222374437917,4.521640636343317,4.532665279941249,Psi_Site_Chen_MathFeature_Latest_5_0_10_5_1
P253,1.951831864784806,3.6817276788697364,4.513153408920675,4.735926350629031,4.754887502163471,Psi_Site_Chen_MathFeature_Latest_5_0_10_5_1
P254,1.9174554882121133,3.51440934524794,4.444187891679296,4.807354922057602,4.754887502163471,Psi_Site_Chen_MathFeature_Latest_5_0_10_5_1
P255,1.811040639733184,3.4477426785812737,4.582118926162054,4.807354922057602,4.754887502163471,Psi_Site_Chen_MathFeature_Latest_5_0_10_5_1
P256,1.867764029404598,3.564735178725505,4.513153408920675,4.593069207771888,4.6808134280893965,Psi_Site_Chen_MathFeature_Latest_5_0_10_5_1
P257,1.888621520806271,3.631401845392172,4.582118926162054,4.735926350629031,4.754887502163471,Psi_Site_Chen_MathFeature_Latest_5_0_10_5_1
P258,1.9315353975883323,3.7110804962442776,4.418157288156418,4.807354922057602,4.754887502163471,Psi_Site_Chen_MathFeature_Latest_5_0_10_5_1
P259,1.9918642483937377,3.523231428797621,4.582118926162054,4.807354922057602,4.754887502163471,Psi_Site_Chen_MathFeature_Latest_5_0_10_5_1
P260,1.9918642483937374,3.619250912838829,4.418157288156418,4.66449777920046,4.754887502163471,Psi_Site_Chen_MathFeature_Latest_5_0_10_5_1
P261,1.8588657627029597,3.307751647240616,4.237291339955158,4.66449777920046,4.754887502163471,Psi_Site_Chen_MathFeature_Latest_5_0_10_5_1
P262,1.9143718822451232,3.644413829577611,4.582118926162054,4.807354922057602,4.754887502163471,Psi_Site_Chen_MathFeature_Latest_5_0_10_5_1
P263,1.8411803921927494,3.3362434129830603,4.254195650150781,4.521640636343317,4.606739354015322,Psi_Site_Chen_MathFeature_Latest_5_0_10_5_1
P264,1.9648966168256354,3.7395722619867224,4.418157288156418,4.66449777920046,4.754887502163471,Psi_Site_Chen_MathFeature_Latest_5_0_10_5_1
P265,1.9518318647848059,3.672905595320056,4.513153408920675,4.807354922057602,4.754887502163471,Psi_Site_Chen_MathFeature_Latest_5_0_10_5_1
P266,1.9002919728689043,3.6565647621309543,4.513153408920675,4.735926350629031,4.754887502163471,Psi_Site_Chen_MathFeature_Latest_5_0_10_5_1
P267,1.979360520558108,3.6980685120588386,4.651084443403434,4.807354922057602,4.754887502163471,Psi_Site_Chen_MathFeature_Latest_5_0_10_5_1
P268,1.9518318647848059,3.552584246172162,4.444187891679296,4.807354922057602,4.754887502163471,Psi_Site_Chen_MathFeature_Latest_5_0_10_5_1
P269,1.8966865117349128,3.5974168451037087,4.651084443403434,4.807354922057602,4.754887502163471,Psi_Site_Chen_MathFeature_Latest_5_0_10_5_1
P270,1.828399411828636,3.415922063835166,4.444187891679296,4.66449777920046,4.754887502163471,Psi_Site_Chen_MathFeature_Latest_5_0_10_5_1
P271,1.8623101351622202,3.3362434129830603,4.064203408622267,4.521640636343317,4.680813428089397,Psi_Site_Chen_MathFeature_Latest_5_0_10_5_1
P272,1.9440391254239622,3.552584246172162,4.444187891679296,4.807354922057602,4.754887502163471,Psi_Site_Chen_MathFeature_Latest_5_0_10_5_1
P273,1.9741788778835272,3.7232314287976207,4.487122805397798,4.735926350629031,4.754887502163471,Psi_Site_Chen_MathFeature_Latest_5_0_10_5_1
P274,1.7241353319314916,3.2640835117703757,4.418157288156418,4.66449777920046,4.754887502163471,Psi_Site_Chen_MathFeature_Latest_5_0_10_5_1
P275,1.9538824106870534,3.619250912838829,4.349191770915039,4.593069207771888,4.754887502163471,Psi_Site_Chen_MathFeature_Latest_5_0_10_5_1
P276,1.8279831044758021,3.309685696912064,4.211260736432281,4.521640636343318,4.754887502163471,Psi_Site_Chen_MathFeature_Latest_5_0_10_5_1
P277,1.959714974151055,3.606238928653389,4.349191770915039,4.66449777920046,4.754887502163471,Psi_Site_Chen_MathFeature_Latest_5_0_10_5_1
P278,1.876496786366209,3.6062389286533896,4.323161167392161,4.593069207771888,4.754887502163471,Psi_Site_Chen_MathFeature_Latest_5_0_10_5_1
P279,1.883439878131691,3.4947396630551757,4.323161167392161,4.66449777920046,4.6808134280893965,Psi_Site_Chen_MathFeature_Latest_5_0_10_5_1
P280,1.997696811857739,3.806238928653389,4.487122805397798,4.66449777920046,4.6808134280893965,Psi_Site_Chen_MathFeature_Latest_5_0_10_5_1
P281,1.893660301709418,3.6947396630551763,4.513153408920675,4.807354922057602,4.754887502163471,Psi_Site_Chen_MathFeature_Latest_5_0_10_5_1
P282,1.9315353975883323,3.6817276788697364,4.513153408920675,4.807354922057602,4.754887502163471,Psi_Site_Chen_MathFeature_Latest_5_0_10_5_1
P283,1.9315353975883323,3.7232314287976207,4.513153408920675,4.807354922057602,4.754887502163471,Psi_Site_Chen_MathFeature_Latest_5_0_10_5_1
P284,1.7964442003245937,3.33624341298306,4.237291339955158,4.735926350629031,4.754887502163471,Psi_Site_Chen_MathFeature_Latest_5_0_10_5_1
P285,1.8411803921927494,3.3647351787255046,4.32316116739216,4.593069207771888,4.6808134280893965,Psi_Site_Chen_MathFeature_Latest_5_0_10_5_1
P286,1.8623101351622202,3.3995812306460644,4.32316116739216,4.66449777920046,4.754887502163471,Psi_Site_Chen_MathFeature_Latest_5_0_10_5_1
P287,1.7044439096918622,3.189898095464288,4.017824858003425,4.63753751126605,4.754887502163471,Psi_Site_Chen_MathFeature_Latest_5_0_10_5_1
P288,1.9616751500478973,3.7865692464606253,4.720049960644813,4.807354922057602,4.754887502163471,Psi_Site_Chen_MathFeature_Latest_5_0_10_5_1
P289,1.9518318647848059,3.689246428509158,4.556088322639177,4.807354922057602,4.754887502163471,Psi_Site_Chen_MathFeature_Latest_5_0_10_5_1
P290,1.8665467592753477,3.207099980285486,3.926272374139508,4.423251796980336,4.680813428089397,Psi_Site_Chen_MathFeature_Latest_5_0_10_5_1
P291,1.9143718822451232,3.4062389286533894,4.211260736432281,4.66449777920046,4.754887502163471,Psi_Site_Chen_MathFeature_Latest_5_0_10_5_1
P292,1.845417016305877,3.4859175795054957,4.582118926162054,4.807354922057602,4.754887502163471,Psi_Site_Chen_MathFeature_Latest_5_0_10_5_1
P293,1.8877882450332746,3.489246428509158,4.556088322639177,4.807354922057602,4.754887502163471,Psi_Site_Chen_MathFeature_Latest_5_0_10_5_1
P294,1.9315353975883323,3.6695767463163937,4.513153408920675,4.735926350629031,4.754887502163471,Psi_Site_Chen_MathFeature_Latest_5_0_10_5_1
P295,1.8877882450332746,3.3492553971684997,4.28022625367366,4.593069207771888,4.754887502163471,Psi_Site_Chen_MathFeature_Latest_5_0_10_5_1
P296,1.8623101351622202,3.4192509128388284,4.1852301329094015,4.593069207771888,4.754887502163471,Psi_Site_Chen_MathFeature_Latest_5_0_10_5_1
P297,1.9538824106870534,3.5777471629109443,4.487122805397798,4.807354922057602,4.754887502163471,Psi_Site_Chen_MathFeature_Latest_5_0_10_5_1
P298,1.867764029404598,3.5395722619867227,4.375222374437917,4.735926350629031,4.754887502163471,Psi_Site_Chen_MathFeature_Latest_5_0_10_5_1
P299,1.8698256219945806,3.4859175795054957,4.582118926162054,4.807354922057602,4.754887502163471,Psi_Site_Chen_MathFeature_Latest_5_0_10_5_1
P300,1.8495291547981068,3.653235913127292,4.418157288156419,4.735926350629031,4.754887502163471,Psi_Site_Chen_MathFeature_Latest_5_0_10_5_1
P301,1.9538824106870534,3.6892464285091577,4.651084443403434,4.807354922057602,4.754887502163471,Psi_Site_Chen_MathFeature_Latest_5_0_10_5_1
P302,1.9538824106870534,3.6062389286533896,4.349191770915039,4.66449777920046,4.754887502163471,Psi_Site_Chen_MathFeature_Latest_5_0_10_5_1
P303,1.8646983261669612,3.5777471629109443,4.444187891679296,4.66449777920046,4.754887502163471,Psi_Site_Chen_MathFeature_Latest_5_0_10_5_1
P304,1.8886215208062715,3.53624341298306,4.349191770915039,4.593069207771888,4.680813428089397,Psi_Site_Chen_MathFeature_Latest_5_0_10_5_1
P305,1.9315353975883323,3.377747162910945,4.306256857196538,4.735926350629031,4.754887502163471,Psi_Site_Chen_MathFeature_Latest_5_0_10_5_1
P306,1.9741788778835272,3.8314018453921714,4.720049960644813,4.735926350629031,4.754887502163471,Psi_Site_Chen_MathFeature_Latest_5_0_10_5_1
P307,1.8623101351622202,3.364735178725505,4.1852301329094015,4.735926350629031,4.754887502163471,Psi_Site_Chen_MathFeature_Latest_5_0_10_5_1
P308,1.9741788778835272,3.7559130951758246,4.857980995127571,4.807354922057602,4.754887502163471,Psi_Site_Chen_MathFeature_Latest_5_0_10_5_1
P309,1.9918642483937377,3.548394345536403,4.513153408920675,4.807354922057602,4.754887502163471,Psi_Site_Chen_MathFeature_Latest_5_0_10_5_1
P310,1.9918642483937377,3.764735178725505,4.582118926162054,4.735926350629031,4.754887502163471,Psi_Site_Chen_MathFeature_Latest_5_0_10_5_1
P311,1.8283994118286362,3.506890595608519,4.185230132909402,4.521640636343317,4.6808134280893965,Psi_Site_Chen_MathFeature_Latest_5_0_10_5_1
P312,1.876496786366209,3.419250912838829,4.349191770915039,4.521640636343317,4.606739354015322,Psi_Site_Chen_MathFeature_Latest_5_0_10_5_1
P313,1.9315353975883323,3.6477426785812734,4.513153408920675,4.66449777920046,4.6808134280893965,Psi_Site_Chen_MathFeature_Latest_5_0_10_5_1
P314,1.9538824106870534,3.4859175795054953,4.513153408920675,4.807354922057602,4.754887502163471,Psi_Site_Chen_MathFeature_Latest_5_0_10_5_1
N1,1.9002919728689043,3.5647351787255053,4.651084443403434,4.807354922057602,4.754887502163471,Psi_Site_Chen_MathFeature_Latest_5_0_10_5_1
N2,1.6556529752729716,2.8723718476199394,3.624379701651112,4.182005814760213,4.43063240949075,Psi_Site_Chen_MathFeature_Latest_5_0_10_5_1
N3,1.8877882450332746,3.260754662766713,4.306256857196538,4.66449777920046,4.754887502163471,Psi_Site_Chen_MathFeature_Latest_5_0_10_5_1
N4,1.9808500422551556,3.402910079649727,4.021268494903765,4.593069207771888,4.754887502163471,Psi_Site_Chen_MathFeature_Latest_5_0_10_5_1
N5,1.8518177841906396,3.376352363578731,4.159199529386524,4.450212064914746,4.532665279941249,Psi_Site_Chen_MathFeature_Latest_5_0_10_5_1
N6,1.1810386681053249,2.184640699428294,3.0397376863965184,3.6550455468258045,4.032303242743953,Psi_Site_Chen_MathFeature_Latest_5_0_10_5_1
N7,1.9315353975883323,3.5559130951758244,4.28022625367366,4.521640636343317,4.606739354015323,Psi_Site_Chen_MathFeature_Latest_5_0_10_5_1
N8,1.7972774760975907,3.352584246172162,4.651084443403434,4.807354922057602,4.754887502163471,Psi_Site_Chen_MathFeature_Latest_5_0_10_5_1
N9,1.8411803921927494,3.377747162910944,4.349191770915039,4.66449777920046,4.680813428089397,Psi_Site_Chen_MathFeature_Latest_5_0_10_5_1
N10,1.9648966168256354,3.7144093452479403,4.720049960644813,4.807354922057602,4.754887502163471,Psi_Site_Chen_MathFeature_Latest_5_0_10_5_1
N11,1.6673175923926022,3.1329145639793983,3.8784509276597556,4.280394654123194,4.532665279941248,Psi_Site_Chen_MathFeature_Latest_5_0_10_5_1
N12,1.997696811857739,3.672905595320056,4.720049960644813,4.807354922057602,4.754887502163471,Psi_Site_Chen_MathFeature_Latest_5_0_10_5_1
N13,1.8495291547981068,3.4817276788697367,4.375222374437917,4.735926350629031,4.754887502163471,Psi_Site_Chen_MathFeature_Latest_5_0_10_5_1
N14,1.77614773312812,3.348394345536403,4.021268494903766,4.378783493486175,4.606739354015323,Psi_Site_Chen_MathFeature_Latest_5_0_10_5_1
N15,1.8698256219945806,3.606238928653389,4.487122805397798,4.66449777920046,4.754887502163471,Psi_Site_Chen_MathFeature_Latest_5_0_10_5_1
N16,1.985193084022109,3.7810760119146067,4.513153408920675,4.807354922057602,4.754887502163471,Psi_Site_Chen_MathFeature_Latest_5_0_10_5_1
N17,1.724740376888336,3.1193688320938415,4.159199529386524,4.593069207771888,4.680813428089397,Psi_Site_Chen_MathFeature_Latest_5_0_10_5_1
N18,1.9300477309722162,3.5647351787255053,4.487122805397798,4.66449777920046,4.754887502163471,Psi_Site_Chen_MathFeature_Latest_5_0_10_5_1
N19,1.8068533615063314,3.3232314287976212,4.392126684633539,4.807354922057602,4.754887502163471,Psi_Site_Chen_MathFeature_Latest_5_0_10_5_1
N20,1.9793605205581077,3.606238928653389,4.513153408920675,4.735926350629031,4.754887502163471,Psi_Site_Chen_MathFeature_Latest_5_0_10_5_1
N21,1.8068533615063314,3.2933448637229623,4.168325822713779,4.593069207771888,4.754887502163471,Psi_Site_Chen_MathFeature_Latest_5_0_10_5_1
N22,1.5343191067018243,2.787969548431956,3.633505994978368,4.280394654123194,4.402673613114325,Psi_Site_Chen_MathFeature_Latest_5_0_10_5_1
N23,1.893660301709418,3.6266781970562953,4.375222374437917,4.735926350629031,4.754887502163471,Psi_Site_Chen_MathFeature_Latest_5_0_10_5_1
N24,1.7278733287416008,3.228072996388509,4.237291339955159,4.66449777920046,4.754887502163471,Psi_Site_Chen_MathFeature_Latest_5_0_10_5_1
N25,1.468770427413196,2.6225797618424918,3.5293835808868543,4.2359263506290326,4.606739354015322,Psi_Site_Chen_MathFeature_Latest_5_0_10_5_1
N26,1.669595023838443,3.076470282833743,3.896798133716289,4.450212064914748,4.606739354015322,Psi_Site_Chen_MathFeature_Latest_5_0_10_5_1
N27,1.8068533615063314,3.472905595320056,4.487122805397798,4.735926350629031,4.754887502163471,Psi_Site_Chen_MathFeature_Latest_5_0_10_5_1
N28,1.997696811857739,3.53624341298306,4.349191770915039,4.735926350629031,4.754887502163471,Psi_Site_Chen_MathFeature_Latest_5_0_10_5_1
N29,1.8068533615063314,3.4015152803175126,4.513153408920675,4.735926350629031,4.754887502163471,Psi_Site_Chen_MathFeature_Latest_5_0_10_5_1
N30,1.9315353975883323,3.6695767463163933,4.582118926162055,4.735926350629031,4.754887502163471,Psi_Site_Chen_MathFeature_Latest_5_0_10_5_1
N31,1.9741788778835272,3.6892464285091577,4.418157288156418,4.66449777920046,4.754887502163471,Psi_Site_Chen_MathFeature_Latest_5_0_10_5_1
N32,1.4758079802516535,2.5492553971685,3.190238651106873,3.494680368408909,3.513784724225434,Psi_Site_Chen_MathFeature_Latest_5_0_10_5_1
N33,1.9648966168256354,3.6980685120588386,4.651084443403434,4.807354922057602,4.754887502163471,Psi_Site_Chen_MathFeature_Latest_5_0_10_5_1
N34,1.9002919728689043,3.5898980954642874,4.349191770915039,4.66449777920046,4.6808134280893965,Psi_Site_Chen_MathFeature_Latest_5_0_10_5_1
N35,1.8279831044758021,3.431401845392172,4.250752013250441,4.66449777920046,4.754887502163471,Psi_Site_Chen_MathFeature_Latest_5_0_10_5_1
N36,1.9616751500478975,3.7144093452479408,4.720049960644813,4.807354922057602,4.754887502163471,Psi_Site_Chen_MathFeature_Latest_5_0_10_5_1
N37,1.9793605205581075,3.8314018453921714,4.720049960644813,4.807354922057602,4.754887502163471,Psi_Site_Chen_MathFeature_Latest_5_0_10_5_1
N38,1.9319193919445856,3.656564762130954,4.513153408920675,4.735926350629031,4.754887502163471,Psi_Site_Chen_MathFeature_Latest_5_0_10_5_1
N39,1.8665467592753475,3.3395722619867225,4.254195650150781,4.735926350629031,4.754887502163471,Psi_Site_Chen_MathFeature_Latest_5_0_10_5_1
N40,1.8698256219945806,3.2989295636909355,4.349191770915039,4.735926350629031,4.754887502163471,Psi_Site_Chen_MathFeature_Latest_5_0_10_5_1
N41,1.9002919728689043,3.2062389286533897,3.978333581185264,4.226474118254375,4.328599539040249,Psi_Site_Chen_MathFeature_Latest_5_0_10_5_1
N42,1.9793605205581077,3.6892464285091577,4.556088322639177,4.807354922057602,4.754887502163471,Psi_Site_Chen_MathFeature_Latest_5_0_10_5_1
N43,1.919033524833634,3.606238928653389,4.28022625367366,4.521640636343317,4.680813428089397,Psi_Site_Chen_MathFeature_Latest_5_0_10_5_1
N44,1.8495291547981068,3.293344863722962,4.211260736432281,4.593069207771888,4.6808134280893965,Psi_Site_Chen_MathFeature_Latest_5_0_10_5_1
N45,1.9918642483937374,3.806238928653389,4.651084443403434,4.807354922057602,4.754887502163471,Psi_Site_Chen_MathFeature_Latest_5_0_10_5_1
N46,1.893660301709418,3.498068512058838,4.185230132909402,4.593069207771888,4.754887502163471,Psi_Site_Chen_MathFeature_Latest_5_0_10_5_1
N47,1.9440391254239622,3.573557262275185,4.349191770915039,4.735926350629031,4.754887502163471,Psi_Site_Chen_MathFeature_Latest_5_0_10_5_1
N48,1.5764500368267187,2.9181109862936156,3.6335059949783672,3.9407598325400888,4.236368983644951,Psi_Site_Chen_MathFeature_Latest_5_0_10_5_1
N49,1.9315353975883323,3.6695767463163933,4.444187891679296,4.807354922057602,4.754887502163471,Psi_Site_Chen_MathFeature_Latest_5_0_10_5_1
N50,1.8596105235514835,3.489246428509158,4.323161167392161,4.521640636343317,4.6808134280893965,Psi_Site_Chen_MathFeature_Latest_5_0_10_5_1
N51,1.6968904478349058,3.2314018453921713,4.116264615668023,4.593069207771888,4.6808134280893965,Psi_Site_Chen_MathFeature_Latest_5_0_10_5_1
N52,1.7964442003245937,3.4280729963885097,4.513153408920675,4.807354922057602,4.754887502163471,Psi_Site_Chen_MathFeature_Latest_5_0_10_5_1
N53,1.8698256219945806,3.481727678869736,4.306256857196538,4.593069207771888,4.680813428089397,Psi_Site_Chen_MathFeature_Latest_5_0_10_5_1
N54,1.9741788778835272,3.7810760119146067,4.444187891679296,4.66449777920046,4.6808134280893965,Psi_Site_Chen_MathFeature_Latest_5_0_10_5_1
N55,1.7356660681024447,3.1492553971685,3.9783335811852645,4.351823225551765,4.532665279941249,Psi_Site_Chen_MathFeature_Latest_5_0_10_5_1
N56,1.7241353319314916,3.1981864313138506,4.254195650150781,4.66449777920046,4.754887502163471,Psi_Site_Chen_MathFeature_Latest_5_0_10_5_1
N57,1.9851930840221093,3.789898095464287,4.582118926162054,4.807354922057602,4.754887502163471,Psi_Site_Chen_MathFeature_Latest_5_0_10_5_1
N58,1.7634107735156515,3.243019030245397,4.073329701949523,4.423251796980337,4.606739354015322,Psi_Site_Chen_MathFeature_Latest_5_0_10_5_1
N59,1.9002919728689043,3.440223928941852,4.31971753049182,4.66449777920046,4.754887502163471,Psi_Site_Chen_MathFeature_Latest_5_0_10_5_1
N60,1.9174554882121133,3.5483943455364026,4.444187891679296,4.735926350629031,4.754887502163471,Psi_Site_Chen_MathFeature_Latest_5_0_10_5_1
N61,1.640167058163492,3.1492553971684996,4.306256857196538,4.735926350629031,4.754887502163471,Psi_Site_Chen_MathFeature_Latest_5_0_10_5_1
N62,1.959714974151055,3.5810760119146066,4.349191770915039,4.66449777920046,4.6808134280893965,Psi_Site_Chen_MathFeature_Latest_5_0_10_5_1
N63,1.7278733287416008,3.0547731686306117,3.797467632984005,4.151478922893308,4.43063240949075,Psi_Site_Chen_MathFeature_Latest_5_0_10_5_1
N64,1.2203756367520073,2.3163787019328184,3.2036993244021557,3.726474118254376,3.930270372293455,Psi_Site_Chen_MathFeature_Latest_5_0_10_5_1
N65,1.9300477309722162,3.377747162910945,4.306256857196537,4.521640636343317,4.606739354015322,Psi_Site_Chen_MathFeature_Latest_5_0_10_5_1
N66,1.9202044457091245,3.489246428509158,4.513153408920676,4.735926350629031,4.754887502163471,Psi_Site_Chen_MathFeature_Latest_5_0_10_5_1
N67,1.8787782355431801,3.4477426785812737,4.651084443403434,4.807354922057602,4.754887502163471,Psi_Site_Chen_MathFeature_Latest_5_0_10_5_1
N68,1.8068533615063314,3.456564762130954,4.319717530491821,4.566108939837479,4.680813428089397,Psi_Site_Chen_MathFeature_Latest_5_0_10_5_1
N69,1.867764029404598,3.402910079649727,4.375222374437916,4.735926350629031,4.754887502163471,Psi_Site_Chen_MathFeature_Latest_5_0_10_5_1
N70,1.9202044457091245,3.2989295636909355,4.142295219190901,4.66449777920046,4.754887502163471,Psi_Site_Chen_MathFeature_Latest_5_0_10_5_1
N71,1.944039125423962,3.644413829577611,4.513153408920675,4.735926350629031,4.754887502163471,Psi_Site_Chen_MathFeature_Latest_5_0_10_5_1
N72,1.9648966168256354,3.6314018453921713,4.444187891679296,4.593069207771888,4.680813428089397,Psi_Site_Chen_MathFeature_Latest_5_0_10_5_1
N73,1.867764029404598,3.435591746027931,4.582118926162054,4.807354922057602,4.754887502163471,Psi_Site_Chen_MathFeature_Latest_5_0_10_5_1
N74,1.6305570046772395,3.0574258137630506,3.840402546702505,4.378783493486175,4.532665279941248,Psi_Site_Chen_MathFeature_Latest_5_0_10_5_1
N75,1.997696811857739,3.7898980954642876,4.444187891679297,4.59306920777189,4.6808134280893965,Psi_Site_Chen_MathFeature_Latest_5_0_10_5_1
N76,1.6176711375662876,2.8657141496126144,3.926272374139508,4.593069207771888,4.6808134280893965,Psi_Site_Chen_MathFeature_Latest_5_0_10_5_1
N77,1.6176711375662878,3.066247897312731,3.9783335811852645,4.521640636343317,4.6808134280893965,Psi_Site_Chen_MathFeature_Latest_5_0_10_5_1
N78,1.8411803921927494,3.373023514575068,4.116264615668023,4.593069207771888,4.6808134280893965,Psi_Site_Chen_MathFeature_Latest_5_0_10_5_1
N79,1.8698256219945806,3.511080496244278,4.487122805397798,4.735926350629031,4.754887502163471,Psi_Site_Chen_MathFeature_Latest_5_0_10_5_1
N80,1.696240074722917,3.1110804962442775,4.1852301329094015,4.66449777920046,4.754887502163471,Psi_Site_Chen_MathFeature_Latest_5_0_10_5_1
N81,1.700438513027402,3.1777471629109444,4.28022625367366,4.807354922057602,4.754887502163471,Psi_Site_Chen_MathFeature_Latest_5_0_10_5_1
N82,1.8787782355431801,3.5647351787255053,4.418157288156418,4.735926350629031,4.754887502163471,Psi_Site_Chen_MathFeature_Latest_5_0_10_5_1
N83,1.8646983261669612,3.4947396630551766,4.28022625367366,4.66449777920046,4.754887502163471,Psi_Site_Chen_MathFeature_Latest_5_0_10_5_1
N84,1.669595023838443,3.132914563979398,4.116264615668023,4.593069207771888,4.754887502163471,Psi_Site_Chen_MathFeature_Latest_5_0_10_5_1
N85,1.906057287717278,3.6695767463163937,4.513153408920675,4.735926350629031,4.754887502163471,Psi_Site_Chen_MathFeature_Latest_5_0_10_5_1
N86,1.951831864784806,3.5110804962442774,4.418157288156418,4.735926350629031,4.754887502163471,Psi_Site_Chen_MathFeature_Latest_5_0_10_5_1
N87,1.9793605205581075,3.872905595320056,4.789015477886192,4.807354922057602,4.754887502163471,Psi_Site_Chen_MathFeature_Latest_5_0_10_5_1
N88,1.9538824106870534,3.7777471629109445,4.487122805397798,4.735926350629031,4.754887502163471,Psi_Site_Chen_MathFeature_Latest_5_0_10_5_1
N89,1.9616751500478973,3.672905595320056,4.582118926162055,4.735926350629031,4.754887502163471,Psi_Site_Chen_MathFeature_Latest_5_0_10_5_1
N90,1.7964442003245937,3.3559130951758247,4.254195650150781,4.66449777920046,4.754887502163471,Psi_Site_Chen_MathFeature_Latest_5_0_10_5_1
N91,1.9538824106870534,3.6817276788697355,4.487122805397798,4.593069207771888,4.606739354015323,Psi_Site_Chen_MathFeature_Latest_5_0_10_5_1
N92,1.896686511734913,3.6729055953200556,4.789015477886192,4.807354922057602,4.754887502163471,Psi_Site_Chen_MathFeature_Latest_5_0_10_5_1
N93,1.9174554882121133,3.6444138295776107,4.720049960644813,4.807354922057602,4.754887502163471,Psi_Site_Chen_MathFeature_Latest_5_0_10_5_1
N94,1.7040386490267634,3.0159220638351663,3.9783335811852645,4.378783493486175,4.578780557638898,Psi_Site_Chen_MathFeature_Latest_5_0_10_5_1
N95,1.6920909444356471,3.093344863722962,3.879893823520667,4.2359263506290326,4.458591205867174,Psi_Site_Chen_MathFeature_Latest_5_0_10_5_1
N96,1.8050702154584348,3.4015152803175135,4.073329701949522,4.396291529045927,4.504706483564823,Psi_Site_Chen_MathFeature_Latest_5_0_10_5_1
N97,1.7314115412599644,3.1981864313138506,4.159199529386524,4.593069207771888,4.754887502163471,Psi_Site_Chen_MathFeature_Latest_5_0_10_5_1
N98,1.6909298762342893,3.202910079649727,3.909368063943885,4.423251796980336,4.680813428089397,Psi_Site_Chen_MathFeature_Latest_5_0_10_5_1
N99,1.9741788778835272,3.7559130951758246,4.582118926162055,4.735926350629031,4.754887502163471,Psi_Site_Chen_MathFeature_Latest_5_0_10_5_1
N100,1.985193084022109,3.789898095464287,4.651084443403434,4.735926350629031,4.754887502163471,Psi_Site_Chen_MathFeature_Latest_5_0_10_5_1
N101,1.845417016305877,3.399581230646064,4.349191770915039,4.66449777920046,4.6808134280893965,Psi_Site_Chen_MathFeature_Latest_5_0_10_5_1
N102,1.9741788778835272,3.681727678869737,4.375222374437917,4.735926350629031,4.754887502163471,Psi_Site_Chen_MathFeature_Latest_5_0_10_5_1
N103,1.8665467592753475,3.4859175795054957,4.349191770915039,4.807354922057602,4.754887502163471,Psi_Site_Chen_MathFeature_Latest_5_0_10_5_1
N104,1.9538824106870534,3.3777471629109446,4.418157288156418,4.66449777920046,4.754887502163471,Psi_Site_Chen_MathFeature_Latest_5_0_10_5_1
N105,1.8623101351622202,3.5647351787255053,4.323161167392161,4.566108939837479,4.6808134280893965,Psi_Site_Chen_MathFeature_Latest_5_0_10_5_1
N106,1.9300477309722162,3.3362434129830603,4.21126073643228,4.521640636343317,4.606739354015323,Psi_Site_Chen_MathFeature_Latest_5_0_10_5_1
N107,1.7865568943098575,3.0477426785812742,3.771437029461126,4.155045546825804,4.458591205867174,Psi_Site_Chen_MathFeature_Latest_5_0_10_5_1
N108,1.959714974151055,3.581076011914607,4.418157288156418,4.735926350629031,4.754887502163471,Psi_Site_Chen_MathFeature_Latest_5_0_10_5_1
N109,1.8110406397331842,3.3492553971684993,4.28022625367366,4.593069207771888,4.6808134280893965,Psi_Site_Chen_MathFeature_Latest_5_0_10_5_1
N110,1.9918642483937377,3.7810760119146067,4.651084443403434,4.807354922057602,4.754887502163471,Psi_Site_Chen_MathFeature_Latest_5_0_10_5_1
N111,1.8877882450332746,3.564735178725505,4.487122805397798,4.807354922057602,4.754887502163471,Psi_Site_Chen_MathFeature_Latest_5_0_10_5_1
N112,1.8409031396642657,3.3110804962442777,4.21126073643228,4.593069207771888,4.754887502163471,Psi_Site_Chen_MathFeature_Latest_5_0_10_5_1
N113,1.9741788778835272,3.898068512058838,4.789015477886192,4.807354922057602,4.754887502163471,Psi_Site_Chen_MathFeature_Latest_5_0_10_5_1
N114,1.9648966168256354,3.764735178725505,4.513153408920675,4.66449777920046,4.754887502163471,Psi_Site_Chen_MathFeature_Latest_5_0_10_5_1
N115,1.9851930840221093,3.581076011914607,4.487122805397798,4.66449777920046,4.754887502163471,Psi_Site_Chen_MathFeature_Latest_5_0_10_5_1
N116,1.959714974151055,3.589898095464287,4.254195650150782,4.6644977792004605,4.754887502163471,Psi_Site_Chen_MathFeature_Latest_5_0_10_5_1
N117,1.8588657627029597,3.472905595320056,4.487122805397798,4.735926350629031,4.754887502163471,Psi_Site_Chen_MathFeature_Latest_5_0_10_5_1
N118,1.9741788778835272,3.6029100796497273,4.418157288156418,4.66449777920046,4.680813428089397,Psi_Site_Chen_MathFeature_Latest_5_0_10_5_1
N119,1.896686511734913,3.3362434129830607,4.444187891679296,4.735926350629031,4.754887502163471,Psi_Site_Chen_MathFeature_Latest_5_0_10_5_1
N120,1.9585030291564345,3.374418313907282,4.21126073643228,4.378783493486175,4.458591205867174,Psi_Site_Chen_MathFeature_Latest_5_0_10_5_1
N121,1.9002919728689043,3.4859175795054957,4.651084443403434,4.735926350629031,4.754887502163471,Psi_Site_Chen_MathFeature_Latest_5_0_10_5_1
N122,1.8877882450332744,3.173023514575068,4.004364184708143,4.521640636343317,4.754887502163471,Psi_Site_Chen_MathFeature_Latest_5_0_10_5_1
N123,1.9585030291564345,3.2980685120588387,4.133168925863646,4.396291529045927,4.578780557638898,Psi_Site_Chen_MathFeature_Latest_5_0_10_5_1
N124,1.8495291547981068,3.3395722619867225,4.086790375244805,4.593069207771888,4.6808134280893965,Psi_Site_Chen_MathFeature_Latest_5_0_10_5_1
N125,1.896686511734913,3.628072996388509,4.487122805397798,4.735926350629031,4.754887502163471,Psi_Site_Chen_MathFeature_Latest_5_0_10_5_1
N126,1.9361970401768431,3.447742678581274,4.116264615668023,4.521640636343317,4.606739354015322,Psi_Site_Chen_MathFeature_Latest_5_0_10_5_1
N127,1.8424470082082745,3.256031014430837,4.237291339955158,4.66449777920046,4.754887502163471,Psi_Site_Chen_MathFeature_Latest_5_0_10_5_1
N128,1.7865568943098573,3.4980685120588384,4.211260736432281,4.66449777920046,4.754887502163471,Psi_Site_Chen_MathFeature_Latest_5_0_10_5_1
N129,1.985193084022109,3.698068512058838,4.487122805397797,4.59306920777189,4.606739354015322,Psi_Site_Chen_MathFeature_Latest_5_0_10_5_1
N130,1.8279831044758021,3.3614063297218424,4.185230132909402,4.450212064914746,4.532665279941249,Psi_Site_Chen_MathFeature_Latest_5_0_10_5_1
N131,1.9741788778835272,3.5110804962442774,4.513153408920675,4.807354922057602,4.754887502163471,Psi_Site_Chen_MathFeature_Latest_5_0_10_5_1
N132,1.9538824106870534,3.498068512058838,4.582118926162056,4.807354922057602,4.754887502163471,Psi_Site_Chen_MathFeature_Latest_5_0_10_5_1
N133,1.8409031396642659,3.386569246460625,4.418157288156418,4.807354922057602,4.754887502163471,Psi_Site_Chen_MathFeature_Latest_5_0_10_5_1
N134,1.919033524833634,3.564735178725505,4.487122805397798,4.735926350629031,4.754887502163471,Psi_Site_Chen_MathFeature_Latest_5_0_10_5_1
N135,1.8135245258779595,3.1885947615540293,3.9734470484240134,4.253434386188784,4.32490081792507,Psi_Site_Chen_MathFeature_Latest_5_0_10_5_1
N136,1.9315353975883323,3.444413829577611,4.444187891679296,4.66449777920046,4.6808134280893965,Psi_Site_Chen_MathFeature_Latest_5_0_10_5_1
N137,1.9793605205581075,3.764735178725505,4.582118926162054,4.735926350629031,4.754887502163471,Psi_Site_Chen_MathFeature_Latest_5_0_10_5_1
N138,1.8787782355431797,3.581076011914607,4.513153408920675,4.66449777920046,4.6808134280893965,Psi_Site_Chen_MathFeature_Latest_5_0_10_5_1
N139,1.7894957834244818,3.1589385323502768,3.952302977662386,4.450212064914746,4.606739354015323,Psi_Site_Chen_MathFeature_Latest_5_0_10_5_1
N140,1.8424470082082745,3.389898095464287,4.375222374437917,4.735926350629031,4.754887502163471,Psi_Site_Chen_MathFeature_Latest_5_0_10_5_1
N141,1.7672934871781263,3.085917579505496,3.969207287858009,4.423251796980336,4.606739354015323,Psi_Site_Chen_MathFeature_Latest_5_0_10_5_1
N142,1.5744840259868735,2.8792598814981702,3.904481531182634,4.378783493486175,4.578780557638898,Psi_Site_Chen_MathFeature_Latest_5_0_10_5_1
N143,1.8411803921927494,3.4980685120588384,4.39212668463354,4.735926350629031,4.754887502163471,Psi_Site_Chen_MathFeature_Latest_5_0_10_5_1
N144,1.7040386490267634,3.1622673813539395,3.9783335811852645,4.450212064914746,4.680813428089397,Psi_Site_Chen_MathFeature_Latest_5_0_10_5_1
N145,1.896686511734913,3.564735178725505,4.582118926162054,4.807354922057602,4.754887502163471,Psi_Site_Chen_MathFeature_Latest_5_0_10_5_1
N146,1.5646753190311202,2.781076011914607,3.6855672020241244,4.249867762256288,4.504706483564824,Psi_Site_Chen_MathFeature_Latest_5_0_10_5_1
N147,1.9174554882121133,3.5395722619867227,4.39212668463354,4.735926350629031,4.754887502163471,Psi_Site_Chen_MathFeature_Latest_5_0_10_5_1
N148,1.9538824106870534,3.3110804962442777,4.306256857196538,4.566108939837479,4.680813428089397,Psi_Site_Chen_MathFeature_Latest_5_0_10_5_1
N149,1.8787782355431801,3.364735178725505,4.349191770915039,4.735926350629031,4.754887502163471,Psi_Site_Chen_MathFeature_Latest_5_0_10_5_1
N150,1.944039125423962,3.6980685120588386,4.4871228053977985,4.7359263506290326,4.754887502163471,Psi_Site_Chen_MathFeature_Latest_5_0_10_5_1
N151,1.6846248034895612,3.085917579505496,4.1162646156680225,4.593069207771888,4.754887502163471,Psi_Site_Chen_MathFeature_Latest_5_0_10_5_1
N152,1.888621520806271,3.647742678581274,4.651084443403434,4.735926350629031,4.754887502163471,Psi_Site_Chen_MathFeature_Latest_5_0_10_5_1
N153,1.7249222584507287,3.0532359131272915,4.017824858003425,4.423251796980336,4.680813428089397,Psi_Site_Chen_MathFeature_Latest_5_0_10_5_1
N154,1.9315353975883323,3.6062389286533896,4.582118926162054,4.735926350629031,4.754887502163471,Psi_Site_Chen_MathFeature_Latest_5_0_10_5_1
N155,1.6211862286948744,2.981076011914607,3.8355160139412545,4.494680368408908,4.6808134280893965,Psi_Site_Chen_MathFeature_Latest_5_0_10_5_1
N156,1.876496786366209,3.4825887305018326,4.556088322639177,4.735926350629031,4.754887502163471,Psi_Site_Chen_MathFeature_Latest_5_0_10_5_1
N157,1.77614773312812,3.3478605978362856,4.28022625367366,4.593069207771888,4.680813428089397,Psi_Site_Chen_MathFeature_Latest_5_0_10_5_1
N158,1.7865568943098573,3.298068512058838,4.086790375244805,4.63753751126605,4.680813428089397,Psi_Site_Chen_MathFeature_Latest_5_0_10_5_1
N159,1.8135245258779595,3.2695767463163934,4.1852301329094015,4.593069207771888,4.680813428089397,Psi_Site_Chen_MathFeature_Latest_5_0_10_5_1
N160,1.751708008456438,3.219250912838829,4.418157288156418,4.735926350629031,4.754887502163471,Psi_Site_Chen_MathFeature_Latest_5_0_10_5_1
N161,1.893660301709418,3.4410849805739487,4.392126684633539,4.807354922057602,4.754887502163471,Psi_Site_Chen_MathFeature_Latest_5_0_10_5_1
N162,1.883439878131691,3.294739663055176,4.1162646156680225,4.521640636343317,4.6808134280893965,Psi_Site_Chen_MathFeature_Latest_5_0_10_5_1
N163,1.9174554882121133,3.4947396630551757,4.349191770915039,4.66449777920046,4.754887502163471,Psi_Site_Chen_MathFeature_Latest_5_0_10_5_1
N164,1.9002919728689043,3.61506101220307,4.487122805397798,4.807354922057602,4.754887502163471,Psi_Site_Chen_MathFeature_Latest_5_0_10_5_1
N165,1.979360520558108,3.8729055953200557,4.582118926162054,4.735926350629031,4.754887502163471,Psi_Site_Chen_MathFeature_Latest_5_0_10_5_1
N166,1.876496786366209,3.4410849805739487,4.254195650150781,4.521640636343317,4.6808134280893965,Psi_Site_Chen_MathFeature_Latest_5_0_10_5_1
N167,1.944039125423962,3.589898095464287,4.582118926162054,4.807354922057602,4.754887502163471,Psi_Site_Chen_MathFeature_Latest_5_0_10_5_1
N168,1.9361970401768431,3.6444138295776107,4.582118926162054,4.807354922057602,4.754887502163471,Psi_Site_Chen_MathFeature_Latest_5_0_10_5_1
N169,1.9741788778835272,3.5647351787255053,4.418157288156418,4.735926350629031,4.754887502163471,Psi_Site_Chen_MathFeature_Latest_5_0_10_5_1
N170,1.8787782355431801,3.2811939311696197,4.112820978767683,4.494680368408908,4.754887502163471,Psi_Site_Chen_MathFeature_Latest_5_0_10_5_1
N171,1.8877882450332746,3.5777471629109447,4.392126684633539,4.66449777920046,4.754887502163471,Psi_Site_Chen_MathFeature_Latest_5_0_10_5_1
N172,1.7972774760975907,3.2477426785812735,4.375222374437916,4.66449777920046,4.754887502163471,Psi_Site_Chen_MathFeature_Latest_5_0_10_5_1
N173,1.997696811857739,3.7395722619867224,4.513153408920675,4.735926350629031,4.754887502163471,Psi_Site_Chen_MathFeature_Latest_5_0_10_5_1
N174,1.883439878131691,3.32323142879762,4.418157288156418,4.807354922057602,4.754887502163471,Psi_Site_Chen_MathFeature_Latest_5_0_10_5_1
N175,1.8518177841906396,3.469576746316394,4.280226253673659,4.66449777920046,4.6808134280893965,Psi_Site_Chen_MathFeature_Latest_5_0_10_5_1
N176,1.8787782355431797,3.472905595320056,4.32316116739216,4.593069207771888,4.754887502163471,Psi_Site_Chen_MathFeature_Latest_5_0_10_5_1
N177,1.8787782355431801,3.2430190302453976,4.112820978767682,4.450212064914746,4.578780557638898,Psi_Site_Chen_MathFeature_Latest_5_0_10_5_1
N178,1.9300477309722162,3.52742132943338,4.5560883226391775,4.807354922057602,4.754887502163471,Psi_Site_Chen_MathFeature_Latest_5_0_10_5_1
N179,1.7616838293956474,3.057425813763051,3.840402546702506,4.351823225551765,4.680813428089397,Psi_Site_Chen_MathFeature_Latest_5_0_10_5_1
N180,1.979360520558108,3.723231428797621,4.32316116739216,4.593069207771888,4.680813428089397,Psi_Site_Chen_MathFeature_Latest_5_0_10_5_1
N181,1.9741788778835272,3.6314018453921717,4.418157288156418,4.593069207771888,4.754887502163471,Psi_Site_Chen_MathFeature_Latest_5_0_10_5_1
N182,1.9793605205581075,3.7559130951758246,4.651084443403434,4.807354922057602,4.754887502163471,Psi_Site_Chen_MathFeature_Latest_5_0_10_5_1
N183,1.9538824106870534,3.511080496244278,4.418157288156418,4.735926350629031,4.754887502163471,Psi_Site_Chen_MathFeature_Latest_5_0_10_5_1
N184,1.476097176641546,2.856031014430837,3.8538632199977885,4.351823225551765,4.6808134280893965,Psi_Site_Chen_MathFeature_Latest_5_0_10_5_1
N185,1.9741788778835272,3.764735178725505,4.513153408920675,4.807354922057602,4.754887502163471,Psi_Site_Chen_MathFeature_Latest_5_0_10_5_1
N186,1.8409031396642659,3.2695767463163934,4.211260736432281,4.66449777920046,4.754887502163471,Psi_Site_Chen_MathFeature_Latest_5_0_10_5_1
N187,1.8877882450332746,3.6029100796497264,4.487122805397798,4.735926350629031,4.754887502163471,Psi_Site_Chen_MathFeature_Latest_5_0_10_5_1
N188,1.9616751500478973,3.739572261986723,4.651084443403434,4.807354922057602,4.754887502163471,Psi_Site_Chen_MathFeature_Latest_5_0_10_5_1
N189,1.7044439096918622,3.0980685120588385,4.086790375244805,4.593069207771888,4.754887502163471,Psi_Site_Chen_MathFeature_Latest_5_0_10_5_1
N190,1.845417016305877,3.5777471629109447,4.513153408920675,4.735926350629031,4.754887502163471,Psi_Site_Chen_MathFeature_Latest_5_0_10_5_1
N191,1.8424470082082745,3.30558726169826,4.250752013250441,4.735926350629031,4.754887502163471,Psi_Site_Chen_MathFeature_Latest_5_0_10_5_1
N192,1.9315353975883323,3.5647351787255053,4.513153408920675,4.66449777920046,4.754887502163471,Psi_Site_Chen_MathFeature_Latest_5_0_10_5_1
N193,1.8283994118286357,3.4859175795054957,4.444187891679296,4.593069207771888,4.606739354015323,Psi_Site_Chen_MathFeature_Latest_5_0_10_5_1
N194,1.735838096990705,3.352584246172162,4.349191770915039,4.735926350629031,4.754887502163471,Psi_Site_Chen_MathFeature_Latest_5_0_10_5_1
N195,1.8877882450332746,3.5395722619867227,4.582118926162054,4.807354922057602,4.754887502163471,Psi_Site_Chen_MathFeature_Latest_5_0_10_5_1
N196,1.8279831044758021,3.3492553971684997,4.28022625367366,4.66449777920046,4.680813428089397,Psi_Site_Chen_MathFeature_Latest_5_0_10_5_1
N197,1.9202044457091245,3.511080496244278,4.513153408920675,4.807354922057602,4.754887502163471,Psi_Site_Chen_MathFeature_Latest_5_0_10_5_1
N198,1.9300477309722162,3.4859175795054957,4.444187891679296,4.63753751126605,4.680813428089397,Psi_Site_Chen_MathFeature_Latest_5_0_10_5_1
N199,1.9440391254239622,3.7362434129830597,4.444187891679296,4.807354922057602,4.754887502163471,Psi_Site_Chen_MathFeature_Latest_5_0_10_5_1
N200,1.7278733287416008,3.2150610122030696,4.0472990984266435,4.378783493486175,4.458591205867174,Psi_Site_Chen_MathFeature_Latest_5_0_10_5_1
N201,1.7661665870542806,3.3995812306460644,3.9734470484240134,4.378783493486175,4.680813428089397,Psi_Site_Chen_MathFeature_Latest_5_0_10_5_1
N202,1.6844811077358113,3.079936085369394,3.9734470484240134,4.321296333684861,4.504706483564824,Psi_Site_Chen_MathFeature_Latest_5_0_10_5_1
N203,1.9361970401768431,3.711080496244278,4.418157288156418,4.66449777920046,4.754887502163471,Psi_Site_Chen_MathFeature_Latest_5_0_10_5_1
N204,1.9143718822451232,3.552584246172162,4.582118926162054,4.807354922057602,4.754887502163471,Psi_Site_Chen_MathFeature_Latest_5_0_10_5_1
N205,1.629118683947398,3.1763523635787307,4.1162646156680225,4.521640636343317,4.680813428089397,Psi_Site_Chen_MathFeature_Latest_5_0_10_5_1
N206,1.8261999584279056,3.4314018453921715,4.32316116739216,4.66449777920046,4.754887502163471,Psi_Site_Chen_MathFeature_Latest_5_0_10_5_1
N207,1.7740971872258726,3.2695767463163943,4.142295219190902,4.66449777920046,4.754887502163471,Psi_Site_Chen_MathFeature_Latest_5_0_10_5_1
N208,1.9060572877172781,3.507751647240616,4.349191770915039,4.735926350629031,4.754887502163471,Psi_Site_Chen_MathFeature_Latest_5_0_10_5_1
N209,1.811040639733184,3.402910079649727,4.349191770915039,4.735926350629031,4.754887502163471,Psi_Site_Chen_MathFeature_Latest_5_0_10_5_1
N210,1.8279831044758021,3.389898095464287,4.211260736432281,4.735926350629031,4.754887502163471,Psi_Site_Chen_MathFeature_Latest_5_0_10_5_1
N211,1.9315353975883323,3.4980685120588384,4.375222374437917,4.735926350629031,4.754887502163471,Psi_Site_Chen_MathFeature_Latest_5_0_10_5_1
N212,1.5948748430508228,2.597416845103709,3.434387460122598,4.012188403968661,4.402673613114325,Psi_Site_Chen_MathFeature_Latest_5_0_10_5_1
N213,1.9741788778835272,3.781076011914607,4.582118926162054,4.735926350629031,4.754887502163471,Psi_Site_Chen_MathFeature_Latest_5_0_10_5_1
N214,1.867764029404598,3.5940879961000465,4.444187891679297,4.735926350629031,4.754887502163471,Psi_Site_Chen_MathFeature_Latest_5_0_10_5_1
N215,1.8698256219945806,3.4159220638351666,4.254195650150781,4.735926350629031,4.754887502163471,Psi_Site_Chen_MathFeature_Latest_5_0_10_5_1
N216,1.9585030291564345,3.694739663055176,4.487122805397798,4.807354922057602,4.754887502163471,Psi_Site_Chen_MathFeature_Latest_5_0_10_5_1
N217,1.8283994118286357,3.4225797618424916,4.21126073643228,4.66449777920046,4.754887502163471,Psi_Site_Chen_MathFeature_Latest_5_0_10_5_1
N218,1.9143718822451232,3.4062389286533894,4.237291339955159,4.637537511266052,4.6808134280893965,Psi_Site_Chen_MathFeature_Latest_5_0_10_5_1
N219,1.8588657627029597,3.4695767463163936,4.513153408920675,4.807354922057602,4.754887502163471,Psi_Site_Chen_MathFeature_Latest_5_0_10_5_1
N220,1.9793605205581075,3.602910079649727,4.444187891679296,4.66449777920046,4.680813428089397,Psi_Site_Chen_MathFeature_Latest_5_0_10_5_1
N221,1.959714974151055,3.6314018453921713,4.513153408920675,4.735926350629031,4.754887502163471,Psi_Site_Chen_MathFeature_Latest_5_0_10_5_1
N222,1.944039125423962,3.698068512058838,4.789015477886192,4.807354922057602,4.754887502163471,Psi_Site_Chen_MathFeature_Latest_5_0_10_5_1
N223,1.7567958110719157,3.3647351787255046,4.28022625367366,4.593069207771888,4.6808134280893965,Psi_Site_Chen_MathFeature_Latest_5_0_10_5_1
N224,1.816356673164814,3.3525842461721624,4.306256857196538,4.66449777920046,4.6808134280893965,Psi_Site_Chen_MathFeature_Latest_5_0_10_5_1
N225,1.8495291547981068,3.284522780173282,4.0472990984266435,4.521640636343317,4.606739354015322,Psi_Site_Chen_MathFeature_Latest_5_0_10_5_1
N226,1.930047730972216,3.672905595320056,4.418157288156418,4.66449777920046,4.754887502163471,Psi_Site_Chen_MathFeature_Latest_5_0_10_5_1
N227,1.476097176641546,2.8989295636909356,3.6729972717965285,4.164497779200461,4.458591205867174,Psi_Site_Chen_MathFeature_Latest_5_0_10_5_1
N228,1.9793605205581075,3.7647351787255046,4.582118926162054,4.735926350629031,4.754887502163471,Psi_Site_Chen_MathFeature_Latest_5_0_10_5_1
N229,1.9538824106870534,3.711080496244278,4.582118926162055,4.735926350629031,4.754887502163471,Psi_Site_Chen_MathFeature_Latest_5_0_10_5_1
N230,1.8877882450332744,3.4859175795054957,4.254195650150782,4.735926350629031,4.754887502163471,Psi_Site_Chen_MathFeature_Latest_5_0_10_5_1
N231,1.9174554882121133,3.4859175795054953,4.582118926162054,4.807354922057602,4.754887502163471,Psi_Site_Chen_MathFeature_Latest_5_0_10_5_1
N232,1.7040386490267634,3.0519325792170333,3.809485410418376,4.178439190827717,4.430632409490749,Psi_Site_Chen_MathFeature_Latest_5_0_10_5_1
N233,1.8596105235514835,3.52742132943338,4.444187891679296,4.66449777920046,4.754887502163471,Psi_Site_Chen_MathFeature_Latest_5_0_10_5_1
N234,1.76597784945027,3.109685696912064,3.991794254480547,4.494680368408908,4.6808134280893965,Psi_Site_Chen_MathFeature_Latest_5_0_10_5_1
N235,1.9315353975883323,3.4574258137630514,4.444187891679296,4.807354922057602,4.754887502163471,Psi_Site_Chen_MathFeature_Latest_5_0_10_5_1
N236,1.77614773312812,3.189898095464287,4.0472990984266435,4.423251796980336,4.6808134280893965,Psi_Site_Chen_MathFeature_Latest_5_0_10_5_1
N237,1.930047730972216,3.577747162910945,4.418157288156418,4.66449777920046,4.6808134280893965,Psi_Site_Chen_MathFeature_Latest_5_0_10_5_1
N238,1.979360520558108,3.8062389286533898,4.582118926162054,4.735926350629031,4.754887502163471,Psi_Site_Chen_MathFeature_Latest_5_0_10_5_1
N239,1.7740971872258728,3.3395722619867225,4.306256857196538,4.521640636343317,4.680813428089397,Psi_Site_Chen_MathFeature_Latest_5_0_10_5_1
N240,1.9174554882121133,3.46818194698418,4.155755892486184,4.566108939837479,4.754887502163471,Psi_Site_Chen_MathFeature_Latest_5_0_10_5_1
N241,1.9741788778835272,3.872905595320056,4.651084443403434,4.735926350629031,4.754887502163471,Psi_Site_Chen_MathFeature_Latest_5_0_10_5_1
N242,1.8495291547981068,3.440223928941852,4.142295219190902,4.450212064914746,4.532665279941249,Psi_Site_Chen_MathFeature_Latest_5_0_10_5_1
N243,1.9002919728689043,3.4947396630551757,4.444187891679296,4.735926350629031,4.754887502163471,Psi_Site_Chen_MathFeature_Latest_5_0_10_5_1
N244,1.9060572877172781,3.631401845392172,4.418157288156419,4.735926350629031,4.754887502163471,Psi_Site_Chen_MathFeature_Latest_5_0_10_5_1
N245,1.9793605205581075,3.622579761842491,4.418157288156418,4.66449777920046,4.754887502163471,Psi_Site_Chen_MathFeature_Latest_5_0_10_5_1
N246,1.9741788778835272,3.7647351787255046,4.418157288156418,4.66449777920046,4.754887502163471,Psi_Site_Chen_MathFeature_Latest_5_0_10_5_1
N247,1.979360520558108,3.564735178725505,4.487122805397798,4.66449777920046,4.754887502163471,Psi_Site_Chen_MathFeature_Latest_5_0_10_5_1
N248,1.930047730972216,3.589898095464287,4.513153408920675,4.807354922057602,4.754887502163471,Psi_Site_Chen_MathFeature_Latest_5_0_10_5_1
N249,1.9741788778835272,3.555913095175825,4.513153408920675,4.735926350629031,4.754887502163471,Psi_Site_Chen_MathFeature_Latest_5_0_10_5_1
N250,1.9918642483937377,3.6980685120588386,4.582118926162054,4.66449777920046,4.754887502163471,Psi_Site_Chen_MathFeature_Latest_5_0_10_5_1
N251,1.6673175923926022,3.1492553971685,3.904481531182634,4.378783493486175,4.606739354015322,Psi_Site_Chen_MathFeature_Latest_5_0_10_5_1
N252,1.8646983261669612,3.602910079649727,4.582118926162055,4.735926350629031,4.754887502163471,Psi_Site_Chen_MathFeature_Latest_5_0_10_5_1
N253,1.959714974151055,3.4947396630551766,4.349191770915039,4.593069207771888,4.6808134280893965,Psi_Site_Chen_MathFeature_Latest_5_0_10_5_1
N254,1.9315353975883323,3.561406329721842,4.720049960644813,4.807354922057602,4.754887502163471,Psi_Site_Chen_MathFeature_Latest_5_0_10_5_1
N255,1.8698256219945806,3.53624341298306,4.582118926162054,4.807354922057602,4.754887502163471,Psi_Site_Chen_MathFeature_Latest_5_0_10_5_1
N256,1.8877882450332746,3.494739663055176,4.375222374437917,4.521640636343317,4.606739354015323,Psi_Site_Chen_MathFeature_Latest_5_0_10_5_1
N257,1.888621520806271,3.647742678581274,4.444187891679296,4.735926350629031,4.754887502163471,Psi_Site_Chen_MathFeature_Latest_5_0_10_5_1
N258,1.8596105235514835,3.4430190302453973,4.375222374437917,4.66449777920046,4.754887502163471,Psi_Site_Chen_MathFeature_Latest_5_0_10_5_1
N259,1.906057287717278,3.511080496244278,4.280226253673659,4.735926350629031,4.754887502163471,Psi_Site_Chen_MathFeature_Latest_5_0_10_5_1
N260,1.867764029404598,3.339572261986723,4.21126073643228,4.593069207771888,4.6808134280893965,Psi_Site_Chen_MathFeature_Latest_5_0_10_5_1
N261,1.896686511734913,3.561406329721843,4.418157288156418,4.66449777920046,4.680813428089397,Psi_Site_Chen_MathFeature_Latest_5_0_10_5_1
N262,1.9440391254239622,3.460754662766713,4.375222374437916,4.735926350629031,4.754887502163471,Psi_Site_Chen_MathFeature_Latest_5_0_10_5_1
N263,1.816356673164814,3.485917579505496,4.168325822713779,4.494680368408908,4.6808134280893965,Psi_Site_Chen_MathFeature_Latest_5_0_10_5_1
N264,1.9538824106870534,3.628072996388509,4.556088322639177,4.807354922057602,4.754887502163471,Psi_Site_Chen_MathFeature_Latest_5_0_10_5_1
N265,1.896686511734913,3.5898980954642874,4.418157288156419,4.593069207771888,4.754887502163471,Psi_Site_Chen_MathFeature_Latest_5_0_10_5_1
N266,1.9918642483937374,3.9232314287976204,4.651084443403434,4.735926350629031,4.754887502163471,Psi_Site_Chen_MathFeature_Latest_5_0_10_5_1
N267,1.8146802689446875,3.2225797618424914,4.211260736432281,4.593069207771888,4.606739354015322,Psi_Site_Chen_MathFeature_Latest_5_0_10_5_1
N268,1.9538824106870534,3.5898980954642874,4.556088322639177,4.735926350629031,4.754887502163471,Psi_Site_Chen_MathFeature_Latest_5_0_10_5_1
N269,1.9918642483937377,3.698068512058838,4.651084443403434,4.807354922057602,4.754887502163471,Psi_Site_Chen_MathFeature_Latest_5_0_10_5_1
N270,1.9440391254239622,3.564735178725505,4.444187891679296,4.593069207771888,4.606739354015323,Psi_Site_Chen_MathFeature_Latest_5_0_10_5_1
N271,1.8971590210156395,3.7735572622751854,4.366096081110662,4.593069207771888,4.606739354015323,Psi_Site_Chen_MathFeature_Latest_5_0_10_5_1
N272,1.9741788778835272,3.672905595320056,4.487122805397797,4.66449777920046,4.754887502163471,Psi_Site_Chen_MathFeature_Latest_5_0_10_5_1
N273,1.9741788778835272,3.548394345536403,4.513153408920675,4.807354922057602,4.754887502163471,Psi_Site_Chen_MathFeature_Latest_5_0_10_5_1
N274,1.9352293736467967,3.5898980954642874,4.168325822713779,4.593069207771888,4.606739354015323,Psi_Site_Chen_MathFeature_Latest_5_0_10_5_1
N275,1.9538824106870534,3.73624341298306,4.556088322639177,4.66449777920046,4.680813428089397,Psi_Site_Chen_MathFeature_Latest_5_0_10_5_1
N276,1.7894957834244818,3.381076011914607,4.418157288156418,4.66449777920046,4.754887502163471,Psi_Site_Chen_MathFeature_Latest_5_0_10_5_1
N277,1.8068533615063314,3.2933448637229623,4.112820978767683,4.423251796980337,4.532665279941248,Psi_Site_Chen_MathFeature_Latest_5_0_10_5_1
N278,1.6844811077358113,3.072905595320056,3.8234982365068833,4.182005814760213,4.458591205867174,Psi_Site_Chen_MathFeature_Latest_5_0_10_5_1
N279,1.77614773312812,3.309685696912064,4.444187891679296,4.735926350629031,4.754887502163471,Psi_Site_Chen_MathFeature_Latest_5_0_10_5_1
N280,1.930047730972216,3.4477426785812737,4.349191770915039,4.66449777920046,4.754887502163471,Psi_Site_Chen_MathFeature_Latest_5_0_10_5_1
N281,1.9741788778835272,3.5974168451037087,4.513153408920675,4.735926350629031,4.754887502163471,Psi_Site_Chen_MathFeature_Latest_5_0_10_5_1
N282,1.9143718822451232,3.698068512058838,4.487122805397797,4.593069207771888,4.606739354015322,Psi_Site_Chen_MathFeature_Latest_5_0_10_5_1
N283,1.8495291547981068,3.472905595320056,4.418157288156418,4.735926350629031,4.754887502163471,Psi_Site_Chen_MathFeature_Latest_5_0_10_5_1
N284,1.9002919728689043,3.4892464285091576,4.349191770915039,4.66449777920046,4.6808134280893965,Psi_Site_Chen_MathFeature_Latest_5_0_10_5_1
N285,1.6673175923926022,2.971765668774843,3.8094854104183766,4.378783493486175,4.606739354015323,Psi_Site_Chen_MathFeature_Latest_5_0_10_5_1
N286,1.951831864784806,3.5647351787255053,4.513153408920675,4.807354922057602,4.754887502163471,Psi_Site_Chen_MathFeature_Latest_5_0_10_5_1
N287,1.7278733287416008,3.0159220638351667,3.9228287372391675,4.396291529045927,4.606739354015322,Psi_Site_Chen_MathFeature_Latest_5_0_10_5_1
N288,1.8215383158393945,3.3995812306460644,4.418157288156418,4.66449777920046,4.6808134280893965,Psi_Site_Chen_MathFeature_Latest_5_0_10_5_1
N289,1.7247403768883358,3.085917579505496,3.9952378913808873,4.593069207771888,4.754887502163471,Psi_Site_Chen_MathFeature_Latest_5_0_10_5_1
N290,1.845417016305877,3.5492553971685004,4.487122805397798,4.735926350629031,4.754887502163471,Psi_Site_Chen_MathFeature_Latest_5_0_10_5_1
N291,1.919033524833634,3.597416845103709,4.418157288156418,4.66449777920046,4.754887502163471,Psi_Site_Chen_MathFeature_Latest_5_0_10_5_1
N292,1.9918642483937377,3.7144093452479403,4.513153408920675,4.807354922057602,4.754887502163471,Psi_Site_Chen_MathFeature_Latest_5_0_10_5_1
N293,1.9361970401768431,3.334848613650846,4.28022625367366,4.63753751126605,4.754887502163471,Psi_Site_Chen_MathFeature_Latest_5_0_10_5_1
N294,1.9315353975883323,3.5395722619867223,4.418157288156418,4.735926350629031,4.754887502163471,Psi_Site_Chen_MathFeature_Latest_5_0_10_5_1
N295,1.8877882450332746,3.2029100796497265,4.090234012145145,4.593069207771888,4.680813428089397,Psi_Site_Chen_MathFeature_Latest_5_0_10_5_1
N296,1.8971590210156397,3.3810760119146073,4.211260736432282,4.735926350629031,4.754887502163471,Psi_Site_Chen_MathFeature_Latest_5_0_10_5_1
N297,1.944039125423962,3.523231428797621,4.254195650150781,4.494680368408908,4.6808134280893965,Psi_Site_Chen_MathFeature_Latest_5_0_10_5_1
N298,1.9352293736467967,3.6695767463163933,4.306256857196538,4.593069207771888,4.754887502163471,Psi_Site_Chen_MathFeature_Latest_5_0_10_5_1
N299,1.8495291547981068,3.3647351787255055,4.487122805397797,4.807354922057602,4.754887502163471,Psi_Site_Chen_MathFeature_Latest_5_0_10_5_1
N300,1.9741788778835272,3.5525842461721617,4.487122805397798,4.66449777920046,4.6808134280893965,Psi_Site_Chen_MathFeature_Latest_5_0_10_5_1
N301,1.9585030291564345,3.7144093452479403,4.513153408920675,4.66449777920046,4.754887502163471,Psi_Site_Chen_MathFeature_Latest_5_0_10_5_1
N302,1.9585030291564345,3.498068512058838,4.392126684633539,4.66449777920046,4.754887502163471,Psi_Site_Chen_MathFeature_Latest_5_0_10_5_1
N303,1.867764029404598,3.548394345536402,4.237291339955159,4.521640636343317,4.532665279941249,Psi_Site_Chen_MathFeature_Latest_5_0_10_5_1
N304,1.959714974151055,3.7614063297218423,4.306256857196538,4.66449777920046,4.754887502163471,Psi_Site_Chen_MathFeature_Latest_5_0_10_5_1
N305,1.9002919728689043,3.647742678581274,4.375222374437917,4.735926350629031,4.754887502163471,Psi_Site_Chen_MathFeature_Latest_5_0_10_5_1
N306,1.7496134418025457,3.3307501784370426,4.185230132909402,4.593069207771888,4.6808134280893965,Psi_Site_Chen_MathFeature_Latest_5_0_10_5_1
N307,1.7972774760975907,3.080424344959478,3.9523029776623866,4.423251796980336,4.754887502163471,Psi_Site_Chen_MathFeature_Latest_5_0_10_5_1
N308,1.724740376888336,3.217856113506615,4.28022625367366,4.66449777920046,4.754887502163471,Psi_Site_Chen_MathFeature_Latest_5_0_10_5_1
N309,1.8791963979769457,3.6280729963885094,4.349191770915039,4.735926350629031,4.754887502163471,Psi_Site_Chen_MathFeature_Latest_5_0_10_5_1
N310,1.8787782355431801,3.602910079649727,4.582118926162054,4.807354922057602,4.754887502163471,Psi_Site_Chen_MathFeature_Latest_5_0_10_5_1
N311,1.959714974151055,3.6314018453921717,4.513153408920675,4.735926350629031,4.754887502163471,Psi_Site_Chen_MathFeature_Latest_5_0_10_5_1
N312,1.9741788778835272,3.8565647621309544,4.720049960644813,4.807354922057602,4.754887502163471,Psi_Site_Chen_MathFeature_Latest_5_0_10_5_1
N313,1.8877882450332746,3.511080496244278,4.418157288156418,4.593069207771888,4.680813428089397,Psi_Site_Chen_MathFeature_Latest_5_0_10_5_1
N314,1.811040639733184,3.311080496244278,4.349191770915039,4.66449777920046,4.6808134280893965,Psi_Site_Chen_MathFeature_Latest_5_0_10_5_1
