P1,78,78,66,78,58,66,70,70,58,70,66,78,78,78,66,66,58,66,70,58,70,58,58,58,78,70,78,78,58,66,70,Psi_Site_Chen_MathFeature_Latest_5_0_10_5_1
P2,58,78,70,78,78,58,66,70,66,66,66,58,66,78,66,66,66,66,58,78,70,70,70,58,70,78,58,78,58,78,66,Psi_Site_Chen_MathFeature_Latest_5_0_10_5_1
P3,78,78,78,58,66,70,78,66,70,70,70,70,66,66,78,66,70,78,66,78,66,58,66,78,70,70,70,66,66,78,58,Psi_Site_Chen_MathFeature_Latest_5_0_10_5_1
P4,66,58,78,66,58,66,58,66,66,66,78,70,66,66,66,66,58,66,66,66,70,70,78,78,58,78,58,66,70,66,66,Psi_Site_Chen_MathFeature_Latest_5_0_10_5_1
P5,78,78,58,78,66,66,78,66,78,78,70,70,78,66,66,66,58,70,78,78,58,58,66,66,58,78,70,70,58,66,66,Psi_Site_Chen_MathFeature_Latest_5_0_10_5_1
P6,70,70,70,78,70,58,70,58,66,78,78,66,66,58,70,66,78,70,66,78,70,58,66,78,70,70,58,70,70,70,78,Psi_Site_Chen_MathFeature_Latest_5_0_10_5_1
P7,70,58,78,70,78,66,78,78,78,78,70,58,70,78,66,66,58,70,70,66,66,58,66,78,66,78,78,66,70,70,58,Psi_Site_Chen_MathFeature_Latest_5_0_10_5_1
P8,78,70,58,70,70,78,70,58,66,66,58,78,70,70,66,66,66,78,70,70,58,66,66,58,70,70,58,58,70,58,70,Psi_Site_Chen_MathFeature_Latest_5_0_10_5_1
P9,70,78,66,70,58,66,66,78,78,70,66,70,70,66,78,66,66,78,66,58,70,66,66,78,70,78,70,58,58,78,58,Psi_Site_Chen_MathFeature_Latest_5_0_10_5_1
P10,78,70,70,70,70,70,66,78,70,78,58,70,78,66,66,66,70,70,78,78,58,70,70,78,70,58,70,66,58,70,58,Psi_Site_Chen_MathFeature_Latest_5_0_10_5_1
P11,78,78,70,70,70,58,58,78,78,78,58,78,66,70,66,66,78,70,78,58,58,58,66,58,78,66,78,58,66,58,78,Psi_Site_Chen_MathFeature_Latest_5_0_10_5_1
P12,78,70,58,78,66,58,58,66,66,70,58,58,66,66,78,66,66,58,70,58,58,58,70,70,78,70,58,66,66,58,66,Psi_Site_Chen_MathFeature_Latest_5_0_10_5_1
P13,78,58,66,58,66,70,66,78,70,66,78,66,58,58,66,66,66,66,58,66,70,58,58,70,66,70,66,58,78,66,58,Psi_Site_Chen_MathFeature_Latest_5_0_10_5_1
P14,78,78,70,78,58,66,78,58,58,58,70,70,58,66,70,66,70,70,58,66,58,66,66,58,78,58,66,66,70,58,66,Psi_Site_Chen_MathFeature_Latest_5_0_10_5_1
P15,78,78,66,66,66,66,70,70,70,78,66,70,66,66,58,66,66,66,70,58,70,66,66,78,70,78,66,66,66,58,78,Psi_Site_Chen_MathFeature_Latest_5_0_10_5_1
P16,78,78,70,78,66,70,58,70,58,66,58,70,66,66,78,66,70,70,70,78,78,70,70,70,70,58,58,70,66,78,70,Psi_Site_Chen_MathFeature_Latest_5_0_10_5_1
P17,66,70,58,78,78,78,58,78,66,78,66,78,78,66,58,66,70,78,66,78,78,66,70,66,78,70,66,66,58,66,58,Psi_Site_Chen_MathFeature_Latest_5_0_10_5_1
P18,66,78,78,66,70,66,78,70,66,66,58,66,58,78,58,66,66,66,78,78,78,58,78,70,58,66,66,58,58,66,78,Psi_Site_Chen_MathFeature_Latest_5_0_10_5_1
P19,58,70,78,78,70,70,78,70,58,70,70,70,78,58,70,66,78,58,78,70,78,70,78,78,58,58,58,66,78,78,78,Psi_Site_Chen_MathFeature_Latest_5_0_10_5_1
P20,58,78,70,78,70,78,78,58,58,58,66,78,78,78,66,66,58,70,70,66,66,58,58,58,70,78,58,66,58,78,58,Psi_Site_Chen_MathFeature_Latest_5_0_10_5_1
P21,66,58,78,70,66,58,78,66,58,78,66,78,70,58,70,66,58,70,58,70,70,66,66,78,66,66,78,70,58,78,70,Psi_Site_Chen_MathFeature_Latest_5_0_10_5_1
P22,70,70,66,70,70,66,66,66,70,66,70,58,78,66,70,66,70,58,66,70,58,70,66,58,78,70,78,70,58,58,70,Psi_Site_Chen_MathFeature_Latest_5_0_10_5_1
P23,66,70,58,66,58,70,70,58,66,78,58,70,70,66,78,66,70,78,66,78,78,66,66,66,70,58,58,78,70,70,58,Psi_Site_Chen_MathFeature_Latest_5_0_10_5_1
P24,66,70,66,66,70,70,70,70,70,58,58,70,78,66,66,66,58,70,78,78,58,58,70,78,66,78,66,58,66,66,78,Psi_Site_Chen_MathFeature_Latest_5_0_10_5_1
P25,66,70,66,70,70,70,66,66,66,66,66,70,58,78,58,66,70,58,70,58,70,58,78,66,58,70,66,58,78,70,58,Psi_Site_Chen_MathFeature_Latest_5_0_10_5_1
P26,70,70,70,70,70,66,78,58,70,70,66,58,66,78,70,66,70,58,58,58,70,70,78,70,78,78,58,70,70,70,58,Psi_Site_Chen_MathFeature_Latest_5_0_10_5_1
P27,66,66,58,66,66,66,58,58,70,70,70,70,78,66,70,66,66,78,70,70,70,70,70,70,66,78,58,70,70,66,58,Psi_Site_Chen_MathFeature_Latest_5_0_10_5_1
P28,78,66,66,70,78,70,58,78,66,66,66,58,70,78,58,66,66,58,58,70,70,70,70,58,70,78,70,70,78,70,70,Psi_Site_Chen_MathFeature_Latest_5_0_10_5_1
P29,78,66,58,66,70,70,78,78,58,78,58,58,66,78,70,66,66,58,70,70,78,70,70,70,66,70,66,58,66,66,78,Psi_Site_Chen_MathFeature_Latest_5_0_10_5_1
P30,78,70,70,58,66,78,66,78,78,78,70,70,66,70,58,66,58,70,78,78,66,70,66,58,78,66,70,70,78,70,66,Psi_Site_Chen_MathFeature_Latest_5_0_10_5_1
P31,66,66,66,78,58,58,58,78,58,78,58,70,78,78,66,66,58,78,70,78,66,58,58,66,78,58,70,78,66,66,78,Psi_Site_Chen_MathFeature_Latest_5_0_10_5_1
P32,66,58,70,66,70,70,66,66,70,70,78,58,66,66,66,66,70,78,66,70,78,70,70,78,66,58,70,66,66,70,58,Psi_Site_Chen_MathFeature_Latest_5_0_10_5_1
P33,78,78,58,70,78,70,58,66,66,70,70,78,70,66,58,66,78,66,66,78,78,70,58,78,78,66,66,78,66,58,58,Psi_Site_Chen_MathFeature_Latest_5_0_10_5_1
P34,66,78,66,58,58,78,58,78,58,78,70,78,66,66,58,66,70,70,58,58,66,58,78,58,70,66,58,58,66,66,58,Psi_Site_Chen_MathFeature_Latest_5_0_10_5_1
P35,70,58,66,66,58,78,78,66,58,70,70,78,66,58,70,66,58,66,78,78,70,78,78,66,58,58,66,78,66,78,66,Psi_Site_Chen_MathFeature_Latest_5_0_10_5_1
P36,70,58,78,78,70,66,58,58,70,66,58,70,70,70,66,66,66,78,70,78,66,78,66,66,70,66,70,66,70,66,70,Psi_Site_Chen_MathFeature_Latest_5_0_10_5_1
P37,66,66,66,70,58,66,70,66,66,70,66,66,78,78,70,66,78,66,66,78,58,78,58,58,70,66,66,78,66,58,58,Psi_Site_Chen_MathFeature_Latest_5_0_10_5_1
P38,70,70,58,66,78,66,66,58,58,66,78,58,70,66,70,66,66,66,58,70,70,66,78,70,66,66,58,66,58,70,70,Psi_Site_Chen_MathFeature_Latest_5_0_10_5_1
P39,66,58,58,78,66,78,66,58,70,66,70,66,66,66,78,66,66,58,70,58,58,58,70,66,78,58,66,58,58,70,78,Psi_Site_Chen_MathFeature_Latest_5_0_10_5_1
P40,58,66,70,70,58,78,78,66,70,66,70,78,66,66,78,66,70,78,58,58,70,58,66,78,70,78,58,70,66,70,70,Psi_Site_Chen_MathFeature_Latest_5_0_10_5_1
P41,70,66,66,70,66,70,70,58,70,70,78,70,70,70,70,66,66,78,70,58,70,66,78,66,70,58,66,66,66,70,78,Psi_Site_Chen_MathFeature_Latest_5_0_10_5_1
P42,66,66,70,58,58,58,70,70,66,66,70,70,78,78,78,66,70,66,66,58,58,70,78,78,58,78,70,66,78,58,58,Psi_Site_Chen_MathFeature_Latest_5_0_10_5_1
P43,58,66,70,58,58,78,58,66,66,70,58,70,66,66,78,66,70,78,66,78,58,66,70,66,66,70,58,70,70,78,78,Psi_Site_Chen_MathFeature_Latest_5_0_10_5_1
P44,70,70,66,58,66,70,66,66,58,66,70,70,78,70,70,66,66,78,58,70,78,70,70,66,58,66,66,66,66,78,58,Psi_Site_Chen_MathFeature_Latest_5_0_10_5_1
P45,78,58,78,78,78,78,70,66,58,70,78,58,78,78,66,66,58,78,70,66,58,58,58,78,58,66,70,78,70,78,70,Psi_Site_Chen_MathFeature_Latest_5_0_10_5_1
P46,70,70,66,58,58,70,70,58,78,66,66,78,58,58,70,66,58,78,66,66,78,78,78,58,58,58,58,58,78,78,66,Psi_Site_Chen_MathFeature_Latest_5_0_10_5_1
P47,58,66,70,66,70,70,66,66,78,58,66,78,70,66,58,66,66,58,58,70,58,66,66,58,58,58,78,70,66,58,66,Psi_Site_Chen_MathFeature_Latest_5_0_10_5_1
P48,70,70,70,58,78,78,70,70,78,70,70,70,70,58,66,66,78,78,66,78,58,58,58,58,70,78,78,58,58,70,70,Psi_Site_Chen_MathFeature_Latest_5_0_10_5_1
P49,78,58,78,58,58,70,58,70,58,66,70,78,66,70,70,66,78,66,78,78,70,78,70,66,58,70,66,58,78,78,66,Psi_Site_Chen_MathFeature_Latest_5_0_10_5_1
P50,70,58,66,70,58,70,70,78,70,58,58,70,78,70,66,66,78,70,70,70,70,70,78,66,58,70,58,66,78,78,66,Psi_Site_Chen_MathFeature_Latest_5_0_10_5_1
P51,58,66,70,66,58,58,78,66,58,58,70,78,70,58,70,66,66,78,66,58,58,70,58,70,58,66,78,66,66,66,66,Psi_Site_Chen_MathFeature_Latest_5_0_10_5_1
P52,70,58,58,66,58,58,78,58,66,78,70,70,66,58,58,66,78,78,78,78,66,70,58,58,78,78,66,58,78,66,78,Psi_Site_Chen_MathFeature_Latest_5_0_10_5_1
P53,70,66,66,78,70,70,58,58,78,58,66,66,70,70,78,66,66,58,58,78,66,66,78,66,78,70,70,78,66,66,66,Psi_Site_Chen_MathFeature_Latest_5_0_10_5_1
P54,58,58,66,78,58,66,78,58,66,58,66,66,66,66,58,66,66,66,66,58,58,70,70,70,78,70,70,66,66,66,58,Psi_Site_Chen_MathFeature_Latest_5_0_10_5_1
P55,70,66,78,58,66,78,78,66,78,66,58,70,78,66,78,66,70,78,70,66,78,58,66,66,78,66,78,66,78,66,78,Psi_Site_Chen_MathFeature_Latest_5_0_10_5_1
P56,70,58,70,78,58,66,70,70,66,66,78,66,66,66,70,66,66,70,78,58,70,70,70,78,66,66,66,78,58,70,58,Psi_Site_Chen_MathFeature_Latest_5_0_10_5_1
P57,66,66,66,66,58,70,70,78,70,66,78,78,66,66,66,66,66,66,66,70,78,78,66,70,66,58,66,70,66,66,70,Psi_Site_Chen_MathFeature_Latest_5_0_10_5_1
P58,70,58,78,70,70,70,70,66,66,58,66,78,58,66,78,66,70,78,66,58,66,66,78,78,66,66,70,70,78,58,70,Psi_Site_Chen_MathFeature_Latest_5_0_10_5_1
P59,66,78,70,58,58,66,66,66,70,66,78,66,70,66,66,66,66,78,58,66,66,58,78,66,78,78,58,66,78,58,66,Psi_Site_Chen_MathFeature_Latest_5_0_10_5_1
P60,78,58,58,70,58,58,70,70,78,58,78,58,70,70,78,66,78,78,78,66,70,66,66,58,66,66,66,70,66,70,70,Psi_Site_Chen_MathFeature_Latest_5_0_10_5_1
P61,78,58,78,70,70,78,70,66,58,58,58,78,70,78,66,66,58,78,70,70,58,58,66,58,78,78,66,66,78,78,70,Psi_Site_Chen_MathFeature_Latest_5_0_10_5_1
P62,78,66,66,58,70,70,78,70,58,78,66,58,78,58,58,66,66,66,70,58,70,58,78,78,58,78,70,70,78,70,66,Psi_Site_Chen_MathFeature_Latest_5_0_10_5_1
P63,70,66,66,78,70,78,70,70,70,70,78,66,66,66,70,66,78,70,78,66,66,70,78,58,58,70,70,70,58,58,66,Psi_Site_Chen_MathFeature_Latest_5_0_10_5_1
P64,70,66,78,66,70,66,66,66,66,58,66,58,70,66,78,66,70,78,58,66,70,78,66,66,78,78,78,78,66,66,78,Psi_Site_Chen_MathFeature_Latest_5_0_10_5_1
P65,58,78,66,70,70,66,78,78,58,70,70,58,78,58,78,66,58,66,78,70,58,66,66,58,66,70,70,66,58,70,78,Psi_Site_Chen_MathFeature_Latest_5_0_10_5_1
P66,58,70,78,70,70,78,70,66,66,70,66,78,78,78,66,66,58,78,70,58,58,58,58,58,70,66,58,78,66,78,70,Psi_Site_Chen_MathFeature_Latest_5_0_10_5_1
P67,78,78,66,58,70,78,70,70,66,78,78,78,58,78,58,66,66,78,66,58,78,58,78,66,78,58,58,70,78,70,66,Psi_Site_Chen_MathFeature_Latest_5_0_10_5_1
P68,58,70,70,78,58,66,70,66,78,58,78,66,66,66,70,66,66,70,78,70,70,66,58,58,70,66,58,70,78,78,70,Psi_Site_Chen_MathFeature_Latest_5_0_10_5_1
P69,70,66,70,66,66,66,78,78,78,66,70,66,70,66,58,66,78,70,58,78,70,66,78,70,66,70,66,66,70,58,66,Psi_Site_Chen_MathFeature_Latest_5_0_10_5_1
P70,66,66,70,58,70,70,58,58,58,70,70,70,78,70,58,66,78,66,66,58,58,70,66,66,58,78,66,58,58,58,70,Psi_Site_Chen_MathFeature_Latest_5_0_10_5_1
P71,66,78,58,66,58,70,58,70,66,66,78,58,66,66,78,66,70,78,70,66,66,58,78,70,58,78,70,70,66,66,78,Psi_Site_Chen_MathFeature_Latest_5_0_10_5_1
P72,66,70,70,78,78,70,66,66,70,66,70,66,66,66,78,66,70,70,66,66,78,78,58,66,78,78,78,70,70,70,58,Psi_Site_Chen_MathFeature_Latest_5_0_10_5_1
P73,58,78,78,66,66,78,58,66,78,66,58,66,58,66,66,66,66,78,70,70,66,66,78,70,66,66,78,78,78,70,66,Psi_Site_Chen_MathFeature_Latest_5_0_10_5_1
P74,78,70,70,66,66,78,66,78,66,78,58,78,58,70,78,66,66,70,58,58,70,70,66,58,70,58,58,78,66,66,66,Psi_Site_Chen_MathFeature_Latest_5_0_10_5_1
P75,70,70,78,70,70,58,66,78,70,70,66,58,66,66,78,66,70,78,70,70,66,66,78,70,70,78,78,70,58,70,78,Psi_Site_Chen_MathFeature_Latest_5_0_10_5_1
P76,58,70,70,78,58,70,58,66,58,58,70,70,78,66,78,66,70,78,70,58,70,70,78,70,70,66,66,66,66,66,78,Psi_Site_Chen_MathFeature_Latest_5_0_10_5_1
P77,66,78,78,66,70,78,58,78,58,70,78,58,70,78,70,66,66,78,58,70,70,70,66,58,66,78,66,66,78,78,66,Psi_Site_Chen_MathFeature_Latest_5_0_10_5_1
P78,78,66,70,70,58,78,78,58,66,70,66,58,70,58,70,66,58,70,58,78,58,66,66,66,58,70,58,58,78,66,78,Psi_Site_Chen_MathFeature_Latest_5_0_10_5_1
P79,66,78,66,66,70,70,78,66,70,58,70,70,58,66,78,66,70,70,66,66,78,78,66,66,58,70,78,66,66,78,58,Psi_Site_Chen_MathFeature_Latest_5_0_10_5_1
P80,78,70,58,66,70,78,70,66,58,78,66,58,70,66,70,66,78,70,78,70,70,66,78,70,66,70,70,66,70,70,78,Psi_Site_Chen_MathFeature_Latest_5_0_10_5_1
P81,70,66,70,58,66,78,58,66,78,70,78,70,78,70,78,66,66,58,66,78,78,70,70,78,70,78,70,70,70,70,70,Psi_Site_Chen_MathFeature_Latest_5_0_10_5_1
P82,78,70,70,78,70,70,70,66,78,78,66,78,58,66,70,66,70,78,66,70,78,78,66,66,78,78,78,70,78,70,66,Psi_Site_Chen_MathFeature_Latest_5_0_10_5_1
P83,78,78,58,66,66,70,78,70,66,58,70,70,78,66,78,66,70,78,66,70,66,58,66,78,66,66,58,66,66,66,66,Psi_Site_Chen_MathFeature_Latest_5_0_10_5_1
P84,58,78,78,66,70,66,58,58,70,70,70,58,58,78,78,66,78,58,66,78,78,66,78,66,66,78,66,58,78,70,58,Psi_Site_Chen_MathFeature_Latest_5_0_10_5_1
P85,58,58,58,70,78,70,66,58,78,66,66,78,66,66,78,66,70,78,70,58,66,58,66,58,66,78,78,70,70,78,70,Psi_Site_Chen_MathFeature_Latest_5_0_10_5_1
P86,70,70,70,70,66,66,66,78,70,70,70,70,58,66,66,66,78,78,70,70,58,58,70,70,58,70,70,58,78,70,70,Psi_Site_Chen_MathFeature_Latest_5_0_10_5_1
P87,78,70,78,70,70,66,70,70,66,78,70,78,58,66,66,66,70,66,78,66,78,78,70,66,66,66,78,66,66,70,78,Psi_Site_Chen_MathFeature_Latest_5_0_10_5_1
P88,78,70,78,58,70,66,66,78,70,58,70,78,78,58,70,66,70,78,78,70,78,78,66,78,78,66,78,78,58,66,66,Psi_Site_Chen_MathFeature_Latest_5_0_10_5_1
P89,70,78,78,58,58,70,70,70,70,66,78,66,66,66,70,66,70,78,70,66,70,70,66,70,70,70,70,78,66,66,78,Psi_Site_Chen_MathFeature_Latest_5_0_10_5_1
P90,66,58,66,58,66,66,66,70,58,70,78,70,58,78,70,66,70,58,66,70,58,70,66,66,58,58,78,58,58,70,66,Psi_Site_Chen_MathFeature_Latest_5_0_10_5_1
P91,66,70,70,70,58,70,70,70,66,66,58,58,58,66,78,66,70,70,66,58,58,58,66,78,70,70,58,70,58,70,58,Psi_Site_Chen_MathFeature_Latest_5_0_10_5_1
P92,58,78,58,58,70,58,66,70,58,66,58,58,70,70,70,66,78,58,66,70,58,78,58,70,78,58,58,70,70,70,66,Psi_Site_Chen_MathFeature_Latest_5_0_10_5_1
P93,66,70,70,70,70,70,66,58,70,78,66,78,70,66,78,66,70,70,66,78,78,70,78,70,78,58,66,66,58,70,66,Psi_Site_Chen_MathFeature_Latest_5_0_10_5_1
P94,78,70,70,78,70,78,70,78,58,66,66,78,66,58,66,66,58,66,66,70,66,58,70,78,58,58,78,66,58,58,70,Psi_Site_Chen_MathFeature_Latest_5_0_10_5_1
P95,70,78,78,58,58,66,66,66,78,78,66,66,58,66,78,66,70,70,66,58,66,66,58,66,66,58,70,58,58,78,70,Psi_Site_Chen_MathFeature_Latest_5_0_10_5_1
P96,66,70,70,58,70,70,78,70,70,70,58,78,66,78,70,66,78,78,66,70,58,70,58,70,58,70,70,70,78,58,66,Psi_Site_Chen_MathFeature_Latest_5_0_10_5_1
P97,78,78,66,78,78,58,66,58,58,70,58,78,58,58,78,66,66,58,70,78,70,66,66,66,78,70,78,70,58,58,66,Psi_Site_Chen_MathFeature_Latest_5_0_10_5_1
P98,78,66,66,66,70,58,70,58,70,66,66,66,66,78,70,66,70,58,70,70,58,58,78,66,70,78,70,58,78,78,58,Psi_Site_Chen_MathFeature_Latest_5_0_10_5_1
P99,66,78,78,70,78,58,78,66,78,58,70,78,58,66,70,66,78,58,70,66,78,78,78,70,78,66,78,70,66,66,66,Psi_Site_Chen_MathFeature_Latest_5_0_10_5_1
P100,70,66,66,66,70,58,70,66,70,66,78,78,58,66,78,66,66,58,58,70,66,58,66,58,66,70,70,66,66,66,70,Psi_Site_Chen_MathFeature_Latest_5_0_10_5_1
P101,78,78,66,58,70,70,58,66,70,70,70,58,70,66,70,66,66,66,70,66,58,70,78,78,78,58,70,66,66,66,58,Psi_Site_Chen_MathFeature_Latest_5_0_10_5_1
P102,70,70,78,70,66,58,58,70,70,66,70,70,58,66,70,66,66,70,58,66,58,78,58,58,70,58,66,66,78,58,70,Psi_Site_Chen_MathFeature_Latest_5_0_10_5_1
P103,66,58,70,78,58,66,58,78,66,66,58,78,58,66,58,66,78,78,70,70,70,78,78,70,66,58,70,66,66,66,66,Psi_Site_Chen_MathFeature_Latest_5_0_10_5_1
P104,78,70,78,70,66,78,70,70,78,70,70,78,70,66,78,66,70,78,70,78,78,78,70,70,58,70,78,70,66,78,78,Psi_Site_Chen_MathFeature_Latest_5_0_10_5_1
P105,78,58,78,66,70,66,78,70,58,66,58,66,66,70,70,66,58,70,66,70,70,78,78,66,66,70,78,78,78,78,66,Psi_Site_Chen_MathFeature_Latest_5_0_10_5_1
P106,78,70,70,70,78,58,70,66,66,58,70,70,70,58,66,66,66,70,66,78,70,66,66,70,58,70,78,66,78,66,66,Psi_Site_Chen_MathFeature_Latest_5_0_10_5_1
P107,66,70,78,78,78,78,70,66,66,66,78,66,78,70,58,66,66,66,58,70,70,78,78,58,70,70,58,78,66,58,58,Psi_Site_Chen_MathFeature_Latest_5_0_10_5_1
P108,70,70,78,78,70,58,58,78,78,66,70,66,66,70,66,66,78,66,70,78,78,78,78,70,66,66,66,78,66,78,70,Psi_Site_Chen_MathFeature_Latest_5_0_10_5_1
P109,70,70,58,78,58,66,78,66,58,58,58,66,78,70,70,66,78,78,58,70,78,70,70,66,58,70,66,66,70,58,58,Psi_Site_Chen_MathFeature_Latest_5_0_10_5_1
P110,78,70,70,70,66,66,70,70,70,58,66,70,70,66,66,66,66,70,58,70,70,58,70,70,66,66,70,78,66,70,70,Psi_Site_Chen_MathFeature_Latest_5_0_10_5_1
P111,78,70,78,58,70,70,66,70,66,66,66,58,70,70,70,66,58,66,58,66,78,70,66,66,78,70,66,66,58,66,78,Psi_Site_Chen_MathFeature_Latest_5_0_10_5_1
P112,66,78,70,58,78,66,78,66,70,70,66,70,78,66,66,66,66,70,66,66,66,58,66,66,66,78,70,70,70,70,70,Psi_Site_Chen_MathFeature_Latest_5_0_10_5_1
P113,70,70,78,58,70,70,66,66,78,78,70,70,70,70,70,66,58,66,70,66,66,70,70,58,58,58,70,78,70,66,78,Psi_Site_Chen_MathFeature_Latest_5_0_10_5_1
P114,70,70,58,66,58,70,78,58,70,70,70,58,66,70,66,66,70,66,58,70,70,58,70,66,58,70,66,78,66,58,78,Psi_Site_Chen_MathFeature_Latest_5_0_10_5_1
P115,66,70,70,78,66,78,58,66,66,66,78,66,66,66,70,66,70,58,78,70,66,70,66,70,78,58,70,58,66,66,66,Psi_Site_Chen_MathFeature_Latest_5_0_10_5_1
P116,78,66,66,66,66,78,66,66,58,66,66,70,66,70,66,66,66,58,58,70,78,58,66,70,78,78,78,70,78,58,58,Psi_Site_Chen_MathFeature_Latest_5_0_10_5_1
P117,58,70,66,66,58,70,66,78,78,66,66,58,66,66,78,66,78,78,78,58,66,78,78,70,66,78,70,66,58,78,70,Psi_Site_Chen_MathFeature_Latest_5_0_10_5_1
P118,66,66,70,58,70,58,66,58,70,58,70,58,58,70,70,66,78,70,66,78,78,58,78,70,66,70,78,66,58,66,58,Psi_Site_Chen_MathFeature_Latest_5_0_10_5_1
P119,58,78,70,78,70,70,78,70,66,70,78,70,78,66,78,66,70,78,58,70,70,66,78,70,66,66,70,70,78,58,78,Psi_Site_Chen_MathFeature_Latest_5_0_10_5_1
P120,70,78,78,66,78,78,58,58,70,66,66,66,78,78,58,66,66,66,66,70,78,70,78,58,78,58,66,58,58,66,78,Psi_Site_Chen_MathFeature_Latest_5_0_10_5_1
P121,70,58,66,66,58,70,70,70,70,58,66,70,58,66,66,66,66,66,70,70,78,70,58,58,70,66,58,58,66,66,66,Psi_Site_Chen_MathFeature_Latest_5_0_10_5_1
P122,66,58,66,58,58,78,70,70,78,70,70,58,66,58,70,66,58,58,66,66,78,66,66,70,78,58,66,58,70,78,66,Psi_Site_Chen_MathFeature_Latest_5_0_10_5_1
P123,66,58,70,78,66,66,78,78,66,70,78,70,78,58,78,66,66,58,78,78,58,66,66,66,66,70,70,78,58,78,58,Psi_Site_Chen_MathFeature_Latest_5_0_10_5_1
P124,78,78,66,66,58,78,70,78,58,58,58,58,58,66,70,66,78,70,78,78,70,78,66,66,58,66,66,66,58,66,66,Psi_Site_Chen_MathFeature_Latest_5_0_10_5_1
P125,66,66,66,78,58,58,58,58,78,66,70,66,58,66,78,66,70,78,58,58,70,70,66,66,78,70,70,70,78,78,66,Psi_Site_Chen_MathFeature_Latest_5_0_10_5_1
P126,58,78,58,78,58,58,58,70,66,70,66,58,58,66,78,66,70,70,70,66,78,66,70,78,70,78,78,58,70,78,66,Psi_Site_Chen_MathFeature_Latest_5_0_10_5_1
P127,66,78,58,70,70,70,70,70,66,78,78,66,78,58,70,66,58,70,66,58,58,70,58,70,66,58,66,78,66,66,70,Psi_Site_Chen_MathFeature_Latest_5_0_10_5_1
P128,66,66,78,78,66,70,66,66,58,70,58,66,58,66,78,66,70,78,66,70,70,66,58,70,70,78,58,58,70,78,70,Psi_Site_Chen_MathFeature_Latest_5_0_10_5_1
P129,58,58,70,58,66,78,70,58,66,70,58,70,58,66,78,66,70,78,66,58,70,58,66,78,70,70,66,70,66,70,58,Psi_Site_Chen_MathFeature_Latest_5_0_10_5_1
P130,58,70,78,58,58,70,70,58,58,58,70,70,78,66,58,66,70,70,58,58,78,66,58,66,58,58,70,58,70,78,66,Psi_Site_Chen_MathFeature_Latest_5_0_10_5_1
P131,58,66,66,58,70,70,78,70,70,70,66,58,66,66,78,66,66,58,58,66,58,78,66,78,78,58,58,58,70,70,66,Psi_Site_Chen_MathFeature_Latest_5_0_10_5_1
P132,78,58,66,66,58,58,70,58,58,66,66,70,58,66,66,66,78,70,70,58,66,70,78,58,58,70,70,70,70,78,78,Psi_Site_Chen_MathFeature_Latest_5_0_10_5_1
P133,66,66,58,70,66,66,66,66,66,58,58,58,70,78,66,66,66,78,66,78,78,70,70,78,70,70,58,58,66,78,58,Psi_Site_Chen_MathFeature_Latest_5_0_10_5_1
P134,78,66,78,70,70,70,78,70,70,70,70,70,58,66,66,66,66,78,78,70,58,78,78,70,70,70,58,70,70,78,70,Psi_Site_Chen_MathFeature_Latest_5_0_10_5_1
P135,70,66,58,58,78,58,58,66,70,66,70,70,78,66,66,66,78,70,78,78,58,58,66,66,70,66,66,66,78,78,70,Psi_Site_Chen_MathFeature_Latest_5_0_10_5_1
P136,70,78,78,70,66,78,70,58,78,58,78,70,78,66,78,66,70,78,70,66,78,70,58,78,66,70,78,58,58,70,70,Psi_Site_Chen_MathFeature_Latest_5_0_10_5_1
P137,58,70,58,78,70,58,70,78,70,58,58,70,78,78,66,66,66,78,66,66,78,66,58,58,70,66,78,78,58,58,70,Psi_Site_Chen_MathFeature_Latest_5_0_10_5_1
P138,58,58,70,70,58,58,70,70,66,66,78,78,58,58,78,66,78,66,58,78,66,66,66,66,58,70,70,78,66,66,78,Psi_Site_Chen_MathFeature_Latest_5_0_10_5_1
P139,70,58,70,58,70,58,78,66,58,70,70,70,58,66,70,66,66,78,70,58,66,58,58,70,78,70,70,78,70,70,70,Psi_Site_Chen_MathFeature_Latest_5_0_10_5_1
P140,70,58,70,70,70,58,66,58,78,66,66,70,58,66,70,66,66,70,58,66,58,66,70,58,66,78,66,58,66,66,66,Psi_Site_Chen_MathFeature_Latest_5_0_10_5_1
P141,78,66,58,70,70,70,70,70,78,78,58,70,70,66,78,66,70,78,70,78,78,70,78,66,58,66,78,70,66,66,66,Psi_Site_Chen_MathFeature_Latest_5_0_10_5_1
P142,70,70,66,66,66,78,70,58,70,66,70,66,58,66,70,66,70,66,66,66,70,70,78,78,70,78,70,58,66,70,78,Psi_Site_Chen_MathFeature_Latest_5_0_10_5_1
P143,70,66,66,70,70,58,66,66,78,70,58,70,78,78,66,66,58,78,66,66,66,66,70,66,66,66,78,58,58,58,70,Psi_Site_Chen_MathFeature_Latest_5_0_10_5_1
P144,58,66,78,58,66,66,66,70,66,66,66,66,66,58,66,66,66,78,70,66,70,66,78,78,78,58,70,70,66,78,78,Psi_Site_Chen_MathFeature_Latest_5_0_10_5_1
P145,58,66,78,78,66,78,58,66,70,66,66,70,70,58,66,66,58,66,70,58,66,70,58,78,78,66,66,70,58,78,66,Psi_Site_Chen_MathFeature_Latest_5_0_10_5_1
P146,70,70,78,70,70,58,70,58,70,70,70,58,66,78,66,66,66,70,70,78,78,58,70,58,70,78,66,70,58,78,58,Psi_Site_Chen_MathFeature_Latest_5_0_10_5_1
P147,66,66,78,58,66,58,58,70,66,66,66,66,78,78,66,66,58,78,70,66,58,58,58,66,66,70,70,66,78,58,58,Psi_Site_Chen_MathFeature_Latest_5_0_10_5_1
P148,58,70,78,78,66,78,70,66,58,58,66,78,70,66,78,66,70,78,70,58,66,66,70,70,70,58,58,58,66,78,66,Psi_Site_Chen_MathFeature_Latest_5_0_10_5_1
P149,66,66,58,58,78,70,66,70,58,78,78,70,78,70,58,66,78,66,66,66,66,78,78,66,58,66,58,66,70,58,78,Psi_Site_Chen_MathFeature_Latest_5_0_10_5_1
P150,78,70,70,58,70,70,70,70,70,78,70,78,58,58,70,66,78,70,66,58,70,78,58,66,58,66,66,70,58,70,70,Psi_Site_Chen_MathFeature_Latest_5_0_10_5_1
P151,66,66,78,78,70,78,70,70,66,66,58,66,66,78,66,66,78,78,70,66,66,78,66,58,70,58,66,70,70,66,66,Psi_Site_Chen_MathFeature_Latest_5_0_10_5_1
P152,66,78,78,66,70,78,78,70,70,70,58,78,66,66,78,66,66,66,70,70,66,78,78,78,66,66,58,78,70,70,66,Psi_Site_Chen_MathFeature_Latest_5_0_10_5_1
P153,66,78,70,70,66,70,70,58,70,58,58,66,58,66,78,66,70,78,78,58,78,70,70,78,70,70,70,70,78,70,58,Psi_Site_Chen_MathFeature_Latest_5_0_10_5_1
P154,66,78,66,70,70,66,70,78,70,66,66,66,66,66,70,66,58,70,78,70,66,70,70,70,78,78,70,66,70,78,78,Psi_Site_Chen_MathFeature_Latest_5_0_10_5_1
P155,66,78,70,70,58,78,66,78,78,66,66,78,78,78,70,66,70,66,78,78,70,78,70,66,66,78,78,78,70,78,70,Psi_Site_Chen_MathFeature_Latest_5_0_10_5_1
P156,66,66,58,66,58,66,58,58,66,58,66,70,58,70,66,66,66,70,70,66,70,66,78,66,66,58,66,70,66,70,66,Psi_Site_Chen_MathFeature_Latest_5_0_10_5_1
P157,70,66,66,78,70,78,78,66,66,78,58,78,70,58,66,66,66,66,66,58,78,66,66,66,66,66,78,58,66,66,66,Psi_Site_Chen_MathFeature_Latest_5_0_10_5_1
P158,78,70,70,78,78,78,58,66,58,66,78,58,58,70,58,66,58,70,78,78,78,58,78,66,78,78,66,70,70,78,70,Psi_Site_Chen_MathFeature_Latest_5_0_10_5_1
P159,58,70,66,66,66,70,78,66,70,78,78,66,58,78,66,66,66,70,78,58,66,66,58,58,78,66,66,78,66,66,78,Psi_Site_Chen_MathFeature_Latest_5_0_10_5_1
P160,66,66,70,66,78,70,70,70,58,58,70,66,78,78,78,66,66,66,58,66,66,78,70,58,58,58,66,70,58,58,70,Psi_Site_Chen_MathFeature_Latest_5_0_10_5_1
P161,58,70,78,70,66,78,66,78,58,58,70,70,58,66,78,66,78,66,58,70,70,78,78,70,70,70,78,70,70,66,58,Psi_Site_Chen_MathFeature_Latest_5_0_10_5_1
P162,66,70,66,66,58,58,78,66,78,70,66,70,78,66,66,66,70,70,66,78,78,66,58,70,78,70,70,66,78,78,78,Psi_Site_Chen_MathFeature_Latest_5_0_10_5_1
P163,58,66,70,58,66,66,66,70,70,70,66,78,66,66,78,66,58,58,70,58,58,58,70,66,58,58,78,58,66,58,66,Psi_Site_Chen_MathFeature_Latest_5_0_10_5_1
P164,70,66,70,70,78,58,66,70,78,58,70,58,58,66,78,66,66,78,70,58,70,70,78,70,70,70,78,78,58,58,70,Psi_Site_Chen_MathFeature_Latest_5_0_10_5_1
P165,70,78,78,66,58,70,78,78,58,78,58,66,66,66,58,66,66,66,78,78,78,70,78,70,70,70,78,70,58,58,66,Psi_Site_Chen_MathFeature_Latest_5_0_10_5_1
P166,70,70,70,78,70,58,58,66,70,78,66,66,70,78,66,66,58,78,70,78,66,58,66,70,66,58,58,66,70,66,58,Psi_Site_Chen_MathFeature_Latest_5_0_10_5_1
P167,66,78,78,66,70,70,70,70,58,70,78,66,66,78,70,66,66,66,58,70,70,70,66,58,70,70,66,58,70,66,66,Psi_Site_Chen_MathFeature_Latest_5_0_10_5_1
P168,70,66,70,70,70,70,70,66,70,70,70,70,66,66,70,66,66,70,70,66,70,70,66,70,70,66,70,70,66,70,58,Psi_Site_Chen_MathFeature_Latest_5_0_10_5_1
P169,78,70,78,66,78,78,66,66,66,70,70,70,78,66,78,66,78,70,66,70,66,66,66,78,70,78,58,66,70,66,58,Psi_Site_Chen_MathFeature_Latest_5_0_10_5_1
P170,66,66,58,70,70,66,78,78,66,70,78,70,70,70,70,66,70,58,78,58,66,66,78,66,78,78,66,78,58,78,66,Psi_Site_Chen_MathFeature_Latest_5_0_10_5_1
P171,66,66,70,58,70,78,66,70,66,78,70,70,78,78,66,66,58,70,70,78,66,58,58,66,66,66,70,70,70,66,70,Psi_Site_Chen_MathFeature_Latest_5_0_10_5_1
P172,78,78,66,70,70,78,66,66,70,58,58,70,70,70,70,66,66,66,78,70,78,66,66,66,78,78,70,78,66,66,66,Psi_Site_Chen_MathFeature_Latest_5_0_10_5_1
P173,70,58,70,66,66,78,70,70,66,78,58,78,70,78,66,66,58,78,70,66,66,58,66,58,78,58,66,70,66,58,66,Psi_Site_Chen_MathFeature_Latest_5_0_10_5_1
P174,66,58,66,70,70,66,66,70,66,70,66,70,78,78,66,66,58,70,70,70,66,58,58,66,70,66,70,70,78,70,66,Psi_Site_Chen_MathFeature_Latest_5_0_10_5_1
P175,78,78,66,70,58,70,70,70,66,70,66,70,78,78,66,66,58,70,70,66,58,58,58,66,78,66,66,70,78,66,66,Psi_Site_Chen_MathFeature_Latest_5_0_10_5_1
P176,66,78,66,66,78,78,66,70,78,66,66,78,78,70,78,66,66,78,70,78,58,66,78,66,70,70,70,58,66,58,70,Psi_Site_Chen_MathFeature_Latest_5_0_10_5_1
P177,58,70,70,70,66,58,70,70,78,70,70,78,78,66,70,66,66,66,66,70,78,70,70,66,66,70,58,70,66,78,70,Psi_Site_Chen_MathFeature_Latest_5_0_10_5_1
P178,66,78,78,66,70,70,70,78,58,78,70,66,70,70,70,66,66,78,70,70,78,70,66,66,66,70,66,66,66,70,58,Psi_Site_Chen_MathFeature_Latest_5_0_10_5_1
P179,70,66,78,66,70,66,78,66,66,66,66,66,70,78,78,66,78,58,70,66,70,66,66,70,66,58,66,70,70,78,66,Psi_Site_Chen_MathFeature_Latest_5_0_10_5_1
P180,78,70,58,70,78,70,66,70,70,78,78,66,66,58,66,66,66,70,58,70,70,78,70,78,70,70,70,58,78,78,70,Psi_Site_Chen_MathFeature_Latest_5_0_10_5_1
P181,78,70,78,70,70,78,58,70,78,78,70,66,78,70,70,66,66,78,70,66,66,70,70,70,70,78,70,58,78,66,58,Psi_Site_Chen_MathFeature_Latest_5_0_10_5_1
P182,70,58,70,66,58,58,66,66,66,58,78,70,58,66,78,66,70,70,58,78,78,70,58,58,66,70,58,58,58,70,78,Psi_Site_Chen_MathFeature_Latest_5_0_10_5_1
P183,58,70,70,78,70,78,66,70,78,70,58,58,70,66,78,66,70,70,78,70,66,66,78,66,58,78,70,58,70,66,78,Psi_Site_Chen_MathFeature_Latest_5_0_10_5_1
P184,78,78,58,70,70,70,66,58,58,78,78,58,78,58,66,66,58,58,58,58,58,66,58,70,70,70,70,70,70,70,70,Psi_Site_Chen_MathFeature_Latest_5_0_10_5_1
P185,58,78,78,78,66,78,66,70,66,70,58,70,78,70,70,66,70,78,58,70,78,70,70,66,78,78,78,58,70,78,70,Psi_Site_Chen_MathFeature_Latest_5_0_10_5_1
P186,58,58,66,70,66,78,78,78,58,78,78,78,66,66,70,66,58,70,78,70,66,70,66,66,70,66,58,70,78,78,66,Psi_Site_Chen_MathFeature_Latest_5_0_10_5_1
P187,58,70,58,66,66,66,58,78,78,66,66,66,66,78,70,66,58,58,78,70,70,58,70,70,58,58,58,58,78,78,66,Psi_Site_Chen_MathFeature_Latest_5_0_10_5_1
P188,66,66,66,70,58,70,70,78,66,70,66,58,58,66,70,66,70,70,66,58,58,58,70,70,70,78,66,78,70,66,70,Psi_Site_Chen_MathFeature_Latest_5_0_10_5_1
P189,66,66,70,58,78,78,66,78,70,58,78,70,78,66,66,66,78,70,78,78,58,66,58,66,70,66,70,66,70,58,58,Psi_Site_Chen_MathFeature_Latest_5_0_10_5_1
P190,78,66,58,78,58,58,70,66,58,66,66,70,78,66,70,66,70,78,66,78,78,66,66,70,78,66,70,58,70,58,70,Psi_Site_Chen_MathFeature_Latest_5_0_10_5_1
P191,66,70,78,66,58,78,78,66,66,70,66,78,78,58,70,66,58,66,78,58,66,66,70,70,58,70,58,78,58,70,78,Psi_Site_Chen_MathFeature_Latest_5_0_10_5_1
P192,70,70,66,66,70,58,66,58,70,70,58,70,66,78,70,66,70,70,78,70,70,66,70,58,58,70,70,66,78,66,66,Psi_Site_Chen_MathFeature_Latest_5_0_10_5_1
P193,66,66,66,70,66,70,58,78,70,70,70,66,78,70,70,66,78,78,70,66,66,70,70,58,70,78,58,70,70,78,58,Psi_Site_Chen_MathFeature_Latest_5_0_10_5_1
P194,66,78,78,78,66,66,70,58,70,78,70,70,78,66,66,66,66,70,78,78,58,70,70,66,78,70,66,70,66,70,58,Psi_Site_Chen_MathFeature_Latest_5_0_10_5_1
P195,66,66,78,70,78,58,70,66,70,66,58,70,70,66,78,66,70,78,70,66,78,66,66,70,70,78,70,58,78,70,66,Psi_Site_Chen_MathFeature_Latest_5_0_10_5_1
P196,78,78,58,66,70,70,78,78,70,66,78,70,58,78,58,66,78,66,66,70,70,78,58,70,70,66,66,70,70,58,66,Psi_Site_Chen_MathFeature_Latest_5_0_10_5_1
P197,78,58,70,66,70,70,78,78,66,58,70,78,66,66,78,66,70,78,58,70,58,66,66,78,66,58,70,58,78,78,70,Psi_Site_Chen_MathFeature_Latest_5_0_10_5_1
P198,66,78,58,78,58,66,78,78,70,58,58,58,66,66,78,66,70,78,66,70,58,58,66,78,66,66,58,70,78,78,78,Psi_Site_Chen_MathFeature_Latest_5_0_10_5_1
P199,66,78,66,66,78,70,66,58,58,70,70,70,78,66,66,66,70,78,70,70,78,70,70,70,58,58,70,58,70,70,78,Psi_Site_Chen_MathFeature_Latest_5_0_10_5_1
P200,70,70,66,70,70,66,70,78,58,70,78,66,66,66,66,66,66,70,78,70,66,70,66,66,78,70,58,78,70,66,78,Psi_Site_Chen_MathFeature_Latest_5_0_10_5_1
P201,58,70,66,70,78,78,66,78,70,66,70,70,78,58,70,66,78,58,78,58,70,66,70,66,70,66,70,66,70,58,70,Psi_Site_Chen_MathFeature_Latest_5_0_10_5_1
P202,70,78,58,66,58,66,70,58,70,70,70,70,78,66,66,66,78,70,78,78,58,78,66,66,78,58,66,70,70,70,78,Psi_Site_Chen_MathFeature_Latest_5_0_10_5_1
P203,66,66,58,78,66,70,58,66,66,78,70,78,66,66,70,66,66,78,78,70,66,70,66,70,66,78,70,70,78,58,70,Psi_Site_Chen_MathFeature_Latest_5_0_10_5_1
P204,70,58,78,66,58,78,66,66,58,78,70,70,78,70,70,66,66,66,78,66,58,78,70,70,78,70,66,70,70,70,58,Psi_Site_Chen_MathFeature_Latest_5_0_10_5_1
P205,70,58,58,78,66,78,78,70,78,58,66,70,70,70,78,66,70,58,66,78,78,66,70,58,70,70,58,66,66,78,78,Psi_Site_Chen_MathFeature_Latest_5_0_10_5_1
P206,70,58,78,70,70,70,70,70,78,70,70,66,58,66,66,66,70,78,66,58,78,66,66,70,70,78,66,66,58,78,66,Psi_Site_Chen_MathFeature_Latest_5_0_10_5_1
P207,58,78,78,70,58,78,70,70,70,70,58,70,58,66,78,66,70,70,66,66,78,58,70,70,66,70,78,66,66,70,78,Psi_Site_Chen_MathFeature_Latest_5_0_10_5_1
P208,70,66,66,70,70,58,66,66,78,58,70,58,58,58,70,66,58,58,70,70,78,58,66,66,78,66,66,70,66,58,70,Psi_Site_Chen_MathFeature_Latest_5_0_10_5_1
P209,78,78,58,78,66,58,70,78,78,66,58,78,70,78,78,66,58,58,66,78,70,66,58,66,58,66,66,58,78,78,70,Psi_Site_Chen_MathFeature_Latest_5_0_10_5_1
P210,70,58,58,58,58,66,70,58,58,78,78,78,78,78,70,66,70,70,66,58,78,70,78,66,58,70,58,66,66,70,70,Psi_Site_Chen_MathFeature_Latest_5_0_10_5_1
P211,66,70,58,70,66,66,66,70,66,66,70,66,66,66,70,66,66,58,78,70,66,70,70,66,70,58,58,58,66,78,58,Psi_Site_Chen_MathFeature_Latest_5_0_10_5_1
P212,58,58,58,78,78,78,58,78,78,66,66,70,78,66,78,66,70,78,66,78,78,66,66,70,66,58,70,66,58,58,58,Psi_Site_Chen_MathFeature_Latest_5_0_10_5_1
P213,58,66,66,66,70,78,66,78,58,58,58,58,66,66,78,66,70,78,78,70,78,66,70,66,78,78,66,70,70,70,70,Psi_Site_Chen_MathFeature_Latest_5_0_10_5_1
P214,78,78,78,70,70,66,70,78,70,58,70,58,58,66,78,66,70,78,66,66,66,70,70,66,66,78,70,58,66,58,66,Psi_Site_Chen_MathFeature_Latest_5_0_10_5_1
P215,78,78,66,58,70,58,66,78,78,66,70,66,78,78,66,66,58,66,70,58,58,58,58,70,70,70,70,66,58,58,70,Psi_Site_Chen_MathFeature_Latest_5_0_10_5_1
P216,78,58,66,66,66,70,58,78,78,66,66,78,78,70,70,66,66,78,58,70,78,70,70,66,70,70,66,78,70,70,58,Psi_Site_Chen_MathFeature_Latest_5_0_10_5_1
P217,70,66,58,66,78,66,58,78,66,58,70,70,78,70,70,66,58,78,58,70,78,70,70,70,66,70,78,58,70,78,70,Psi_Site_Chen_MathFeature_Latest_5_0_10_5_1
P218,66,66,70,58,78,78,66,58,66,78,70,66,66,70,66,66,78,58,58,70,66,66,78,66,58,66,66,66,66,58,66,Psi_Site_Chen_MathFeature_Latest_5_0_10_5_1
P219,66,66,70,66,66,66,78,58,70,66,70,70,78,70,70,66,66,78,58,70,78,70,70,58,78,70,70,70,78,58,66,Psi_Site_Chen_MathFeature_Latest_5_0_10_5_1
P220,78,58,58,70,66,70,70,66,78,70,70,78,66,70,66,66,66,78,66,66,58,70,58,78,58,70,70,78,58,70,58,Psi_Site_Chen_MathFeature_Latest_5_0_10_5_1
P221,66,66,70,78,78,78,58,58,70,58,70,66,58,66,78,66,70,78,66,58,66,66,70,58,58,66,58,58,70,70,78,Psi_Site_Chen_MathFeature_Latest_5_0_10_5_1
P222,70,78,66,58,70,70,70,66,78,70,70,70,78,66,66,66,70,78,70,58,78,70,66,70,70,66,78,70,70,78,70,Psi_Site_Chen_MathFeature_Latest_5_0_10_5_1
P223,66,66,70,70,78,70,70,70,58,70,70,70,58,66,78,66,70,70,70,70,78,58,58,58,58,70,70,70,78,70,70,Psi_Site_Chen_MathFeature_Latest_5_0_10_5_1
P224,58,58,58,70,70,66,70,70,78,66,78,70,66,66,58,66,58,78,70,78,70,58,78,70,70,66,66,78,70,66,58,Psi_Site_Chen_MathFeature_Latest_5_0_10_5_1
P225,58,78,70,66,58,78,66,58,66,70,78,66,70,70,58,66,58,66,78,70,58,58,78,78,70,66,58,78,70,66,78,Psi_Site_Chen_MathFeature_Latest_5_0_10_5_1
P226,66,70,70,70,66,58,70,66,66,66,58,70,66,58,70,66,70,70,58,58,58,70,66,70,78,58,66,78,70,70,66,Psi_Site_Chen_MathFeature_Latest_5_0_10_5_1
P227,66,78,70,78,66,78,70,66,78,70,78,78,70,78,58,66,66,78,58,66,58,66,66,66,66,70,70,78,58,66,58,Psi_Site_Chen_MathFeature_Latest_5_0_10_5_1
P228,78,66,78,66,58,70,58,78,78,78,58,66,58,66,78,66,66,66,70,58,66,70,58,66,70,58,70,58,70,66,70,Psi_Site_Chen_MathFeature_Latest_5_0_10_5_1
P229,70,78,66,58,70,70,66,58,70,58,78,70,66,66,78,66,70,78,70,58,78,66,66,70,58,66,70,70,66,70,70,Psi_Site_Chen_MathFeature_Latest_5_0_10_5_1
P230,58,70,78,58,70,70,66,66,70,70,70,70,70,58,70,66,66,58,58,70,70,66,70,78,58,58,78,78,66,70,78,Psi_Site_Chen_MathFeature_Latest_5_0_10_5_1
P231,78,66,58,58,66,70,58,58,66,58,58,78,66,66,78,66,70,78,78,58,70,78,70,70,78,58,78,66,58,78,66,Psi_Site_Chen_MathFeature_Latest_5_0_10_5_1
P232,78,70,70,78,70,66,58,78,70,78,58,66,70,66,66,66,70,66,66,66,78,70,70,58,70,58,66,58,78,78,66,Psi_Site_Chen_MathFeature_Latest_5_0_10_5_1
P233,66,78,78,58,58,58,58,70,70,66,78,78,70,58,66,66,66,78,58,66,70,66,66,78,66,66,78,66,58,78,78,Psi_Site_Chen_MathFeature_Latest_5_0_10_5_1
P234,58,66,70,58,58,70,58,66,66,70,58,58,70,66,78,66,70,78,66,70,66,58,70,66,66,66,66,66,58,78,58,Psi_Site_Chen_MathFeature_Latest_5_0_10_5_1
P235,66,58,78,70,78,70,70,78,70,78,58,66,78,78,58,66,70,58,58,66,66,70,66,66,78,70,70,70,58,66,66,Psi_Site_Chen_MathFeature_Latest_5_0_10_5_1
P236,78,78,78,70,70,70,70,70,58,70,78,70,78,70,66,66,66,58,70,58,70,78,70,66,78,66,66,70,58,66,70,Psi_Site_Chen_MathFeature_Latest_5_0_10_5_1
P237,66,58,66,66,58,78,70,66,66,58,78,66,66,66,66,66,70,70,66,78,70,70,70,78,78,78,70,78,70,70,78,Psi_Site_Chen_MathFeature_Latest_5_0_10_5_1
P238,78,70,78,70,78,58,78,66,70,78,70,78,58,66,66,66,58,70,78,66,78,78,70,58,66,78,58,58,58,66,66,Psi_Site_Chen_MathFeature_Latest_5_0_10_5_1
P239,70,66,66,70,66,70,78,78,66,66,66,66,78,70,66,66,78,70,58,78,78,66,58,58,70,70,70,70,78,58,66,Psi_Site_Chen_MathFeature_Latest_5_0_10_5_1
P240,66,66,66,70,66,58,66,78,58,58,58,58,70,78,66,66,78,58,66,78,66,78,70,58,66,78,66,58,70,58,78,Psi_Site_Chen_MathFeature_Latest_5_0_10_5_1
P241,78,70,70,58,66,66,78,58,58,58,70,66,58,78,66,66,66,78,58,78,70,58,70,58,78,70,66,58,70,58,66,Psi_Site_Chen_MathFeature_Latest_5_0_10_5_1
P242,58,78,78,66,66,58,58,78,70,70,66,70,78,66,78,66,70,70,58,66,78,66,66,78,78,66,78,58,66,78,70,Psi_Site_Chen_MathFeature_Latest_5_0_10_5_1
P243,78,66,58,66,66,66,66,66,78,70,58,66,70,70,66,66,66,66,58,70,70,58,58,66,70,66,66,58,66,66,70,Psi_Site_Chen_MathFeature_Latest_5_0_10_5_1
P244,66,78,58,78,66,70,58,58,66,78,66,66,78,70,70,66,66,78,70,70,78,70,78,78,66,58,78,78,70,70,70,Psi_Site_Chen_MathFeature_Latest_5_0_10_5_1
P245,58,70,78,66,78,78,58,78,78,58,58,78,58,66,66,66,78,66,66,78,66,78,70,70,78,78,70,58,58,66,70,Psi_Site_Chen_MathFeature_Latest_5_0_10_5_1
P246,58,70,70,70,78,70,70,66,78,78,66,70,66,78,78,66,66,78,66,78,78,78,78,58,66,66,78,78,78,78,58,Psi_Site_Chen_MathFeature_Latest_5_0_10_5_1
P247,66,78,70,66,78,78,78,66,58,66,70,66,70,58,58,66,70,58,58,70,78,70,66,78,78,66,78,78,66,58,70,Psi_Site_Chen_MathFeature_Latest_5_0_10_5_1
P248,66,66,58,58,66,66,58,66,66,58,66,70,78,66,78,66,70,70,58,58,66,66,66,70,58,78,70,70,70,78,70,Psi_Site_Chen_MathFeature_Latest_5_0_10_5_1
P249,58,78,66,58,78,66,78,70,78,70,58,70,78,78,66,66,70,78,66,66,66,66,70,58,58,58,66,70,58,66,78,Psi_Site_Chen_MathFeature_Latest_5_0_10_5_1
P250,58,70,58,66,70,70,66,70,78,78,78,70,70,58,78,66,78,70,78,58,66,78,78,78,66,66,66,70,78,70,58,Psi_Site_Chen_MathFeature_Latest_5_0_10_5_1
P251,70,70,78,70,58,58,58,66,78,66,66,78,70,78,58,66,66,78,70,58,66,58,66,70,78,66,66,66,78,70,58,Psi_Site_Chen_MathFeature_Latest_5_0_10_5_1
P252,66,78,66,58,58,58,66,70,66,58,66,70,58,66,70,66,58,66,70,78,58,78,70,70,70,58,58,70,58,70,78,Psi_Site_Chen_MathFeature_Latest_5_0_10_5_1
P253,78,70,78,66,70,70,58,66,70,66,78,70,58,66,58,66,58,66,66,70,70,78,78,66,70,78,58,58,70,70,70,Psi_Site_Chen_MathFeature_Latest_5_0_10_5_1
P254,58,70,70,78,78,78,78,70,70,66,58,66,78,70,58,66,78,66,58,66,70,70,66,66,70,70,70,70,58,70,66,Psi_Site_Chen_MathFeature_Latest_5_0_10_5_1
P255,58,58,66,70,66,66,58,66,58,70,70,70,58,66,66,66,70,70,70,66,70,66,78,66,70,70,78,70,70,78,66,Psi_Site_Chen_MathFeature_Latest_5_0_10_5_1
P256,70,66,78,70,78,78,66,70,70,70,78,58,78,70,70,66,78,70,66,66,70,78,70,78,78,66,66,58,58,78,78,Psi_Site_Chen_MathFeature_Latest_5_0_10_5_1
P257,70,66,78,66,58,66,66,58,78,78,70,66,78,78,70,66,66,66,78,70,78,66,70,70,78,70,78,58,70,66,70,Psi_Site_Chen_MathFeature_Latest_5_0_10_5_1
P258,66,58,66,66,66,78,70,70,58,78,58,70,58,70,66,66,78,58,78,58,58,58,58,66,66,78,78,66,70,66,66,Psi_Site_Chen_MathFeature_Latest_5_0_10_5_1
P259,78,58,78,78,58,66,66,70,70,66,66,66,78,70,58,66,58,70,70,58,70,58,78,78,78,78,70,70,70,58,66,Psi_Site_Chen_MathFeature_Latest_5_0_10_5_1
P260,70,78,70,66,66,70,78,78,58,66,58,78,70,78,58,66,58,58,58,70,70,70,78,58,66,66,66,70,70,78,66,Psi_Site_Chen_MathFeature_Latest_5_0_10_5_1
P261,66,66,70,70,58,58,66,58,66,70,70,70,70,66,58,66,58,66,78,70,66,70,66,58,66,66,58,78,78,70,66,Psi_Site_Chen_MathFeature_Latest_5_0_10_5_1
P262,66,78,66,58,78,58,58,78,58,66,78,78,66,66,78,66,70,70,58,58,58,66,70,66,78,78,70,66,66,66,78,Psi_Site_Chen_MathFeature_Latest_5_0_10_5_1
P263,66,66,70,66,70,66,70,58,58,66,66,70,78,66,66,66,58,70,58,70,70,58,70,70,58,70,66,70,70,78,78,Psi_Site_Chen_MathFeature_Latest_5_0_10_5_1
P264,78,78,58,66,70,58,66,58,58,70,78,66,66,66,58,66,70,70,78,70,66,78,70,70,78,78,70,70,78,66,66,Psi_Site_Chen_MathFeature_Latest_5_0_10_5_1
P265,78,78,70,58,78,78,66,70,66,58,58,70,58,66,78,66,70,70,66,66,66,78,70,58,66,58,66,70,66,66,70,Psi_Site_Chen_MathFeature_Latest_5_0_10_5_1
P266,66,78,66,78,78,70,70,70,66,78,58,66,66,58,66,66,70,58,70,58,78,78,66,66,70,66,78,78,70,66,66,Psi_Site_Chen_MathFeature_Latest_5_0_10_5_1
P267,78,66,70,66,66,66,66,58,58,70,70,78,70,58,70,66,78,78,70,66,58,78,70,70,70,66,58,66,58,58,78,Psi_Site_Chen_MathFeature_Latest_5_0_10_5_1
P268,58,70,66,66,78,66,66,58,58,58,70,70,78,66,66,66,70,70,78,78,58,78,58,70,66,78,66,70,70,66,66,Psi_Site_Chen_MathFeature_Latest_5_0_10_5_1
P269,66,66,66,58,70,66,66,58,66,70,66,78,78,66,78,66,70,78,58,78,66,78,70,78,70,66,58,78,70,78,78,Psi_Site_Chen_MathFeature_Latest_5_0_10_5_1
P270,58,58,66,66,66,78,78,66,78,70,66,70,70,66,78,66,70,78,66,58,78,78,66,78,66,66,78,70,66,66,70,Psi_Site_Chen_MathFeature_Latest_5_0_10_5_1
P271,70,58,58,70,66,66,66,78,70,70,66,78,70,66,66,66,66,78,58,66,58,70,66,70,66,66,78,70,70,78,70,Psi_Site_Chen_MathFeature_Latest_5_0_10_5_1
P272,70,78,70,78,70,66,66,78,70,66,70,66,78,58,66,66,78,58,78,70,58,78,70,70,70,58,66,66,58,70,70,Psi_Site_Chen_MathFeature_Latest_5_0_10_5_1
P273,66,70,58,66,78,66,58,66,66,78,58,58,70,66,78,66,70,70,58,66,78,78,70,58,66,58,58,70,78,78,66,Psi_Site_Chen_MathFeature_Latest_5_0_10_5_1
P274,66,78,70,66,66,66,58,66,66,78,78,78,58,66,78,66,78,66,66,78,78,66,66,78,58,78,58,58,70,66,66,Psi_Site_Chen_MathFeature_Latest_5_0_10_5_1
P275,78,70,70,70,78,66,78,70,78,66,78,78,70,66,58,66,66,58,58,58,66,78,78,70,70,78,66,70,58,78,70,Psi_Site_Chen_MathFeature_Latest_5_0_10_5_1
P276,78,78,70,66,66,58,58,70,66,78,66,70,66,78,66,66,78,58,58,70,66,66,58,78,78,78,66,66,66,66,66,Psi_Site_Chen_MathFeature_Latest_5_0_10_5_1
P277,58,58,70,70,78,78,58,66,58,58,70,58,66,66,58,66,66,58,58,70,66,66,78,70,66,78,70,70,78,58,70,Psi_Site_Chen_MathFeature_Latest_5_0_10_5_1
P278,70,78,78,70,58,66,78,58,70,58,58,78,70,70,70,66,70,66,66,66,58,70,70,66,58,70,70,70,70,66,58,Psi_Site_Chen_MathFeature_Latest_5_0_10_5_1
P279,58,78,66,66,70,66,78,78,78,70,66,66,70,66,78,66,70,78,70,66,78,70,78,70,70,58,70,58,66,70,66,Psi_Site_Chen_MathFeature_Latest_5_0_10_5_1
P280,66,58,78,70,58,66,78,66,70,78,58,78,78,66,70,66,66,66,58,70,78,58,70,70,70,58,78,78,66,70,58,Psi_Site_Chen_MathFeature_Latest_5_0_10_5_1
P281,58,58,70,70,58,66,78,58,70,70,78,78,58,58,70,66,66,70,58,58,78,70,66,78,58,58,78,58,66,58,58,Psi_Site_Chen_MathFeature_Latest_5_0_10_5_1
P282,78,66,66,70,66,66,78,70,70,58,70,66,70,70,58,66,78,78,66,78,66,78,78,58,58,78,78,66,66,66,58,Psi_Site_Chen_MathFeature_Latest_5_0_10_5_1
P283,66,66,78,70,66,66,70,70,66,78,58,66,78,58,70,66,66,66,70,58,78,66,70,58,58,70,70,78,78,66,70,Psi_Site_Chen_MathFeature_Latest_5_0_10_5_1
P284,66,70,70,70,70,66,58,58,66,58,70,66,70,58,66,66,70,58,58,66,66,70,70,78,70,66,70,66,58,70,78,Psi_Site_Chen_MathFeature_Latest_5_0_10_5_1
P285,70,70,78,78,70,78,66,66,78,78,66,70,70,66,78,66,70,78,70,78,78,58,58,58,70,78,70,78,78,70,66,Psi_Site_Chen_MathFeature_Latest_5_0_10_5_1
P286,70,70,58,58,58,66,78,78,70,78,78,70,78,66,66,66,58,70,78,78,58,70,70,78,70,70,70,78,78,70,70,Psi_Site_Chen_MathFeature_Latest_5_0_10_5_1
P287,70,66,70,66,70,70,78,78,70,70,70,70,78,66,66,66,58,70,78,78,58,66,66,66,70,70,70,70,70,66,70,Psi_Site_Chen_MathFeature_Latest_5_0_10_5_1
P288,78,66,70,78,66,58,58,58,66,70,78,70,70,58,70,66,66,58,78,66,66,78,78,66,78,58,66,78,66,78,70,Psi_Site_Chen_MathFeature_Latest_5_0_10_5_1
P289,70,70,58,78,78,70,78,78,58,58,66,66,66,78,78,66,70,70,58,70,70,58,58,58,70,70,70,70,66,66,58,Psi_Site_Chen_MathFeature_Latest_5_0_10_5_1
P290,78,78,78,78,78,70,58,70,70,70,70,70,78,78,66,66,66,78,66,66,78,70,58,70,78,70,58,70,70,78,58,Psi_Site_Chen_MathFeature_Latest_5_0_10_5_1
P291,58,66,78,70,66,70,70,66,78,70,70,66,78,66,78,66,70,78,58,70,78,58,58,66,78,78,78,78,66,78,66,Psi_Site_Chen_MathFeature_Latest_5_0_10_5_1
P292,78,70,66,78,78,70,70,66,66,58,66,66,78,66,70,66,66,70,78,70,70,58,70,66,70,70,70,66,58,66,78,Psi_Site_Chen_MathFeature_Latest_5_0_10_5_1
P293,66,70,58,66,70,78,58,78,66,70,70,70,66,78,58,66,58,70,70,70,70,58,78,58,70,66,58,58,70,70,58,Psi_Site_Chen_MathFeature_Latest_5_0_10_5_1
P294,66,66,70,78,70,58,58,70,66,66,66,78,78,66,78,66,78,66,58,78,70,58,78,58,66,78,70,66,66,78,58,Psi_Site_Chen_MathFeature_Latest_5_0_10_5_1
P295,78,58,70,78,70,66,66,66,66,66,58,78,66,78,70,66,66,78,70,70,66,58,70,70,70,58,70,70,70,78,70,Psi_Site_Chen_MathFeature_Latest_5_0_10_5_1
P296,78,78,78,78,58,70,78,58,70,70,58,66,78,70,70,66,70,78,58,70,78,70,70,78,70,70,70,66,66,66,78,Psi_Site_Chen_MathFeature_Latest_5_0_10_5_1
P297,70,66,66,78,58,58,58,58,66,78,78,66,66,66,70,66,66,70,78,70,66,70,70,70,70,78,66,58,58,58,70,Psi_Site_Chen_MathFeature_Latest_5_0_10_5_1
P298,78,78,70,58,58,70,70,70,70,58,58,70,66,78,78,66,66,78,78,78,70,78,58,78,58,70,78,70,58,70,78,Psi_Site_Chen_MathFeature_Latest_5_0_10_5_1
P299,66,58,70,58,70,78,78,66,78,58,66,66,58,66,66,66,66,70,78,66,78,66,58,66,58,58,58,70,66,66,78,Psi_Site_Chen_MathFeature_Latest_5_0_10_5_1
P300,66,66,66,70,58,66,78,70,70,78,66,70,66,66,66,66,78,70,70,66,58,66,58,58,78,58,70,66,70,66,70,Psi_Site_Chen_MathFeature_Latest_5_0_10_5_1
P301,78,78,70,58,70,58,66,66,58,66,78,70,66,78,66,66,66,58,70,70,70,70,78,70,66,70,66,58,58,58,70,Psi_Site_Chen_MathFeature_Latest_5_0_10_5_1
P302,58,58,58,70,70,66,78,78,78,66,66,78,78,70,70,66,70,66,78,70,78,58,70,70,58,58,70,70,58,78,78,Psi_Site_Chen_MathFeature_Latest_5_0_10_5_1
P303,58,70,66,58,70,70,58,70,58,58,78,66,58,66,70,66,66,58,66,70,70,58,70,70,78,78,70,70,70,66,66,Psi_Site_Chen_MathFeature_Latest_5_0_10_5_1
P304,78,66,78,78,78,78,70,66,70,58,58,78,66,66,70,66,66,70,78,70,66,70,58,66,70,70,70,78,70,66,78,Psi_Site_Chen_MathFeature_Latest_5_0_10_5_1
P305,78,70,66,78,70,66,58,66,66,78,70,58,58,58,70,66,58,58,66,70,66,78,66,78,58,66,66,58,58,70,66,Psi_Site_Chen_MathFeature_Latest_5_0_10_5_1
P306,66,66,58,66,58,78,78,66,70,70,70,58,66,78,66,66,66,78,58,58,78,58,70,58,70,78,78,78,66,70,66,Psi_Site_Chen_MathFeature_Latest_5_0_10_5_1
P307,70,66,78,78,70,78,78,66,78,78,78,78,70,66,66,66,66,66,58,58,58,66,78,70,78,58,66,78,78,66,70,Psi_Site_Chen_MathFeature_Latest_5_0_10_5_1
P308,66,58,66,66,70,66,58,58,78,78,58,70,66,66,78,66,66,58,70,58,58,58,70,70,70,66,70,78,78,78,66,Psi_Site_Chen_MathFeature_Latest_5_0_10_5_1
P309,78,78,66,66,66,78,66,66,58,78,70,78,70,58,58,66,66,58,70,70,58,70,58,66,78,70,78,78,70,58,66,Psi_Site_Chen_MathFeature_Latest_5_0_10_5_1
P310,66,78,66,58,66,66,78,78,58,58,78,58,70,66,78,66,66,70,58,70,70,58,70,70,66,78,70,58,78,78,66,Psi_Site_Chen_MathFeature_Latest_5_0_10_5_1
P311,66,58,66,66,66,66,78,66,78,66,70,58,70,70,70,66,66,66,66,66,66,70,70,70,78,78,70,78,58,78,70,Psi_Site_Chen_MathFeature_Latest_5_0_10_5_1
P312,66,58,66,66,70,70,70,58,70,66,66,66,58,66,78,66,66,78,78,66,78,70,70,66,58,66,78,78,66,78,70,Psi_Site_Chen_MathFeature_Latest_5_0_10_5_1
P313,78,66,58,78,58,58,78,58,58,78,70,70,58,66,70,66,66,70,58,66,58,58,70,58,58,66,78,66,66,66,70,Psi_Site_Chen_MathFeature_Latest_5_0_10_5_1
P314,70,66,78,78,78,70,70,66,78,70,70,58,66,70,66,66,70,66,58,66,78,70,58,66,58,58,58,70,58,70,66,Psi_Site_Chen_MathFeature_Latest_5_0_10_5_1
N1,58,70,58,58,70,66,70,66,66,78,70,70,70,58,78,66,58,66,70,58,70,70,70,66,78,70,66,58,78,66,70,Psi_Site_Chen_MathFeature_Latest_5_0_10_5_1
N2,58,58,70,58,66,58,58,70,66,58,70,58,58,58,70,66,58,66,58,66,58,70,58,58,70,66,58,70,78,66,70,Psi_Site_Chen_MathFeature_Latest_5_0_10_5_1
N3,70,58,66,58,58,78,58,66,58,66,78,58,70,70,58,66,58,70,70,70,78,58,58,66,58,66,66,66,66,58,78,Psi_Site_Chen_MathFeature_Latest_5_0_10_5_1
N4,58,78,78,58,78,78,78,66,66,58,66,70,58,78,78,66,70,58,58,66,70,66,70,66,70,58,58,70,58,58,70,Psi_Site_Chen_MathFeature_Latest_5_0_10_5_1
N5,70,78,66,66,66,70,66,58,66,66,70,58,66,66,70,66,58,66,66,66,66,58,58,66,78,78,70,70,78,70,78,Psi_Site_Chen_MathFeature_Latest_5_0_10_5_1
N6,66,66,66,58,70,70,66,66,66,66,58,70,66,66,66,66,70,70,66,70,66,66,66,66,66,66,66,70,70,66,70,Psi_Site_Chen_MathFeature_Latest_5_0_10_5_1
N7,78,78,66,78,58,66,58,78,70,78,78,70,66,78,70,66,78,70,78,70,78,78,70,58,70,58,70,70,58,66,66,Psi_Site_Chen_MathFeature_Latest_5_0_10_5_1
N8,70,70,70,58,66,70,66,78,70,66,58,66,58,70,70,66,70,58,70,78,78,58,70,66,70,70,70,78,70,70,66,Psi_Site_Chen_MathFeature_Latest_5_0_10_5_1
N9,70,78,70,78,66,66,78,78,66,66,70,78,78,58,70,66,78,78,66,66,66,78,66,78,66,58,58,70,66,70,66,Psi_Site_Chen_MathFeature_Latest_5_0_10_5_1
N10,58,66,70,78,58,66,66,66,78,70,70,70,70,78,78,66,70,66,70,58,66,78,78,70,66,78,58,58,78,78,66,Psi_Site_Chen_MathFeature_Latest_5_0_10_5_1
N11,78,70,66,70,78,66,58,70,58,70,58,78,70,70,70,66,78,70,70,70,70,70,78,78,66,78,70,70,70,70,70,Psi_Site_Chen_MathFeature_Latest_5_0_10_5_1
N12,66,58,70,78,78,70,78,58,70,78,70,66,66,66,78,66,66,58,58,78,70,58,78,66,70,66,58,58,70,58,70,Psi_Site_Chen_MathFeature_Latest_5_0_10_5_1
N13,58,70,78,70,58,70,66,70,70,66,66,66,58,78,66,66,66,66,58,66,66,66,78,70,78,58,66,66,70,70,70,Psi_Site_Chen_MathFeature_Latest_5_0_10_5_1
N14,70,70,70,70,66,58,70,66,58,70,70,70,70,70,70,66,66,78,70,78,66,70,58,58,66,70,78,70,66,58,58,Psi_Site_Chen_MathFeature_Latest_5_0_10_5_1
N15,70,58,78,70,78,58,70,70,70,78,66,66,58,58,66,66,58,70,66,70,70,70,58,70,70,70,58,58,78,66,70,Psi_Site_Chen_MathFeature_Latest_5_0_10_5_1
N16,78,66,78,78,66,58,78,58,70,78,70,70,58,70,78,66,66,58,78,78,70,70,70,58,66,70,58,66,58,58,70,Psi_Site_Chen_MathFeature_Latest_5_0_10_5_1
N17,58,66,66,78,58,58,70,66,66,70,66,66,70,66,78,66,66,66,66,66,70,58,66,58,70,58,70,66,70,66,70,Psi_Site_Chen_MathFeature_Latest_5_0_10_5_1
N18,66,66,58,66,66,70,66,66,58,78,70,66,70,70,70,66,66,58,70,70,58,58,58,78,78,70,70,58,58,66,78,Psi_Site_Chen_MathFeature_Latest_5_0_10_5_1
N19,66,66,78,58,66,70,66,66,70,58,58,78,78,78,78,66,66,66,66,58,58,58,66,66,78,78,70,66,66,66,78,Psi_Site_Chen_MathFeature_Latest_5_0_10_5_1
N20,66,70,58,78,70,58,78,78,66,66,58,66,58,70,66,66,58,78,70,58,66,70,66,66,78,78,70,70,70,58,70,Psi_Site_Chen_MathFeature_Latest_5_0_10_5_1
N21,70,66,78,78,70,66,58,66,70,78,78,78,66,66,66,66,70,66,78,58,58,66,66,70,78,78,70,66,66,66,66,Psi_Site_Chen_MathFeature_Latest_5_0_10_5_1
N22,66,66,78,66,66,66,70,66,78,66,70,66,66,66,66,66,78,58,78,70,70,70,66,70,66,70,66,70,66,70,66,Psi_Site_Chen_MathFeature_Latest_5_0_10_5_1
N23,58,66,70,78,66,70,66,66,58,78,78,70,58,70,66,66,66,66,58,66,66,66,66,78,66,70,70,70,58,58,78,Psi_Site_Chen_MathFeature_Latest_5_0_10_5_1
N24,78,66,70,70,58,66,66,70,78,78,66,70,70,70,66,66,70,58,70,78,58,70,70,70,66,70,78,70,70,70,70,Psi_Site_Chen_MathFeature_Latest_5_0_10_5_1
N25,78,66,70,66,66,66,66,70,66,66,58,70,66,66,66,66,66,66,58,66,66,78,58,66,66,70,66,58,66,66,58,Psi_Site_Chen_MathFeature_Latest_5_0_10_5_1
N26,70,70,66,78,66,70,66,58,70,70,58,58,70,66,70,66,70,66,70,70,66,70,70,58,66,66,70,70,66,70,78,Psi_Site_Chen_MathFeature_Latest_5_0_10_5_1
N27,78,70,78,78,66,66,78,66,66,66,70,66,58,66,66,66,58,78,70,78,66,70,58,66,78,70,70,66,78,66,66,Psi_Site_Chen_MathFeature_Latest_5_0_10_5_1
N28,78,70,70,70,70,66,78,58,78,66,78,66,66,58,58,66,66,78,66,78,58,58,70,66,58,58,78,70,70,70,78,Psi_Site_Chen_MathFeature_Latest_5_0_10_5_1
N29,66,66,66,78,58,70,70,66,78,70,66,70,66,58,58,66,58,66,66,66,66,66,58,70,58,58,58,78,70,66,66,Psi_Site_Chen_MathFeature_Latest_5_0_10_5_1
N30,66,70,66,70,70,70,66,70,58,58,66,66,70,78,70,66,78,66,66,70,58,58,70,78,58,66,78,78,78,70,70,Psi_Site_Chen_MathFeature_Latest_5_0_10_5_1
N31,58,70,78,58,66,78,78,78,70,70,78,70,66,66,70,66,66,70,58,78,78,70,70,58,70,58,70,66,66,58,66,Psi_Site_Chen_MathFeature_Latest_5_0_10_5_1
N32,70,66,70,66,66,66,66,70,66,78,66,66,70,66,78,66,66,70,66,78,66,66,70,66,78,66,66,66,78,58,66,Psi_Site_Chen_MathFeature_Latest_5_0_10_5_1
N33,66,70,66,66,58,78,70,70,70,78,66,66,66,78,70,66,66,70,78,70,78,70,66,58,70,58,78,78,58,58,78,Psi_Site_Chen_MathFeature_Latest_5_0_10_5_1
N34,66,66,78,70,70,66,66,78,70,70,58,66,78,78,66,66,78,78,58,58,66,70,66,66,66,66,58,70,70,70,78,Psi_Site_Chen_MathFeature_Latest_5_0_10_5_1
N35,70,70,58,66,78,66,70,66,70,70,70,58,70,66,66,66,66,58,58,66,66,66,66,70,66,66,66,78,78,58,78,Psi_Site_Chen_MathFeature_Latest_5_0_10_5_1
N36,70,78,70,78,78,70,58,66,58,70,66,66,70,78,66,66,66,58,58,78,66,66,58,78,58,78,78,66,78,70,66,Psi_Site_Chen_MathFeature_Latest_5_0_10_5_1
N37,66,66,78,58,70,70,66,66,70,78,70,66,58,66,78,66,78,78,70,66,70,58,70,70,58,78,66,58,70,78,58,Psi_Site_Chen_MathFeature_Latest_5_0_10_5_1
N38,66,58,66,58,70,70,58,66,78,70,70,58,66,58,66,66,66,78,66,70,66,78,66,66,70,78,70,66,58,78,78,Psi_Site_Chen_MathFeature_Latest_5_0_10_5_1
N39,70,78,66,66,66,58,66,58,58,78,58,58,66,58,70,66,66,58,66,66,58,70,78,78,58,58,70,66,58,66,70,Psi_Site_Chen_MathFeature_Latest_5_0_10_5_1
N40,58,66,66,66,66,78,70,78,70,58,78,70,66,70,66,66,78,66,66,78,66,70,78,66,70,58,78,66,58,78,66,Psi_Site_Chen_MathFeature_Latest_5_0_10_5_1
N41,70,78,66,70,58,78,66,58,78,66,58,66,66,58,70,66,58,70,66,58,70,66,58,70,58,66,66,70,78,66,66,Psi_Site_Chen_MathFeature_Latest_5_0_10_5_1
N42,78,70,78,66,58,70,78,70,70,58,58,78,78,70,70,66,58,70,66,78,78,78,58,78,66,66,58,70,70,66,66,Psi_Site_Chen_MathFeature_Latest_5_0_10_5_1
N43,78,78,66,70,66,66,58,66,66,66,78,58,78,66,58,66,78,58,78,66,78,70,70,66,78,70,70,78,70,70,78,Psi_Site_Chen_MathFeature_Latest_5_0_10_5_1
N44,58,78,58,78,66,58,78,70,70,78,70,70,78,78,70,66,70,70,78,78,70,70,70,70,66,66,66,58,70,70,78,Psi_Site_Chen_MathFeature_Latest_5_0_10_5_1
N45,70,70,70,70,78,78,66,66,78,70,58,58,78,78,70,66,78,58,78,66,66,70,66,58,58,66,58,66,66,58,58,Psi_Site_Chen_MathFeature_Latest_5_0_10_5_1
N46,70,66,58,58,78,66,70,66,58,58,58,70,70,78,78,66,66,66,70,66,58,66,58,66,78,66,66,70,66,78,66,Psi_Site_Chen_MathFeature_Latest_5_0_10_5_1
N47,70,66,70,66,58,58,78,78,58,66,66,66,66,58,58,66,66,70,66,70,78,78,78,70,70,66,70,78,66,78,78,Psi_Site_Chen_MathFeature_Latest_5_0_10_5_1
N48,78,70,70,66,78,78,66,70,58,66,78,58,70,66,70,66,66,66,66,66,70,66,66,70,66,66,66,66,66,66,66,Psi_Site_Chen_MathFeature_Latest_5_0_10_5_1
N49,78,78,58,58,70,78,58,78,58,66,78,78,70,66,58,66,70,70,70,78,70,66,78,78,58,78,66,58,78,58,58,Psi_Site_Chen_MathFeature_Latest_5_0_10_5_1
N50,78,58,78,78,66,66,70,70,70,66,58,66,78,78,70,66,66,66,66,66,66,78,58,58,70,58,58,66,66,66,66,Psi_Site_Chen_MathFeature_Latest_5_0_10_5_1
N51,66,70,70,78,70,70,58,66,70,78,78,66,70,70,70,66,70,78,78,70,70,78,78,70,70,66,78,78,66,66,78,Psi_Site_Chen_MathFeature_Latest_5_0_10_5_1
N52,66,70,70,66,58,66,58,70,58,58,70,58,66,70,58,66,78,66,70,66,70,58,58,58,78,58,66,58,58,66,66,Psi_Site_Chen_MathFeature_Latest_5_0_10_5_1
N53,58,58,78,70,58,58,70,70,70,70,66,70,70,78,78,66,58,58,58,66,78,70,70,70,70,66,78,70,70,78,58,Psi_Site_Chen_MathFeature_Latest_5_0_10_5_1
N54,70,70,66,66,78,78,58,58,66,58,78,66,66,70,66,66,78,78,78,58,66,70,66,78,70,58,70,58,78,66,70,Psi_Site_Chen_MathFeature_Latest_5_0_10_5_1
N55,70,58,66,66,66,78,66,66,78,78,66,66,78,78,70,66,66,66,70,66,66,66,58,78,70,66,66,66,70,58,70,Psi_Site_Chen_MathFeature_Latest_5_0_10_5_1
N56,66,70,70,78,70,58,70,70,66,66,70,58,70,66,66,66,66,78,78,78,66,66,70,66,66,66,78,70,66,70,66,Psi_Site_Chen_MathFeature_Latest_5_0_10_5_1
N57,70,70,70,78,78,78,78,58,78,70,70,70,66,78,58,66,66,78,66,58,58,58,70,66,70,58,66,66,66,78,78,Psi_Site_Chen_MathFeature_Latest_5_0_10_5_1
N58,66,58,66,66,70,70,66,78,58,58,66,66,70,70,78,66,58,70,70,70,70,70,70,66,70,78,66,66,66,66,66,Psi_Site_Chen_MathFeature_Latest_5_0_10_5_1
N59,66,78,66,78,70,66,58,70,70,70,66,78,58,66,66,66,78,58,70,70,70,70,78,78,78,66,70,70,70,70,58,Psi_Site_Chen_MathFeature_Latest_5_0_10_5_1
N60,70,78,78,78,66,70,70,70,70,58,70,78,58,78,66,66,66,70,58,70,70,66,70,78,78,70,66,70,78,58,58,Psi_Site_Chen_MathFeature_Latest_5_0_10_5_1
N61,66,66,66,66,78,66,66,70,70,70,66,70,66,66,70,66,78,70,58,70,66,70,78,70,70,78,70,70,70,78,66,Psi_Site_Chen_MathFeature_Latest_5_0_10_5_1
N62,66,70,58,70,78,66,70,70,78,78,70,78,78,66,58,66,70,58,70,78,70,66,78,78,70,58,70,66,58,66,66,Psi_Site_Chen_MathFeature_Latest_5_0_10_5_1
N63,58,70,78,78,78,66,66,66,66,78,78,70,66,70,78,66,66,66,66,66,66,78,66,66,66,66,58,58,70,70,66,Psi_Site_Chen_MathFeature_Latest_5_0_10_5_1
N64,70,66,66,66,78,66,66,78,70,66,66,66,78,66,66,66,70,66,66,66,70,66,66,66,78,66,66,78,78,66,66,Psi_Site_Chen_MathFeature_Latest_5_0_10_5_1
N65,70,70,78,66,66,78,58,70,66,58,58,70,70,70,58,66,58,66,78,66,58,58,66,78,66,58,70,70,58,66,58,Psi_Site_Chen_MathFeature_Latest_5_0_10_5_1
N66,78,78,70,70,70,78,58,66,78,70,66,70,58,70,78,66,78,66,66,78,58,70,66,78,70,66,78,78,66,78,58,Psi_Site_Chen_MathFeature_Latest_5_0_10_5_1
N67,70,66,66,66,70,78,70,70,70,78,58,78,70,78,66,66,78,70,70,66,78,58,58,70,66,78,66,70,66,70,78,Psi_Site_Chen_MathFeature_Latest_5_0_10_5_1
N68,66,70,78,70,70,58,70,70,66,66,66,66,66,70,66,66,58,58,58,78,66,66,66,66,70,58,66,78,70,66,58,Psi_Site_Chen_MathFeature_Latest_5_0_10_5_1
N69,70,70,78,58,66,66,58,58,70,78,66,58,58,66,58,66,58,66,70,70,66,70,78,58,58,70,58,58,66,66,66,Psi_Site_Chen_MathFeature_Latest_5_0_10_5_1
N70,66,66,70,66,58,70,78,78,78,78,78,70,66,58,66,66,58,70,70,70,78,70,70,70,78,78,70,70,58,66,66,Psi_Site_Chen_MathFeature_Latest_5_0_10_5_1
N71,58,78,70,58,70,70,70,78,66,66,66,66,70,78,66,66,70,66,58,58,58,58,66,66,58,66,70,58,78,66,78,Psi_Site_Chen_MathFeature_Latest_5_0_10_5_1
N72,66,58,58,58,70,78,70,66,78,58,58,70,66,66,70,66,66,70,70,58,58,66,66,78,70,58,78,70,66,78,58,Psi_Site_Chen_MathFeature_Latest_5_0_10_5_1
N73,58,66,58,58,66,78,70,66,66,66,78,78,70,78,78,66,66,70,66,78,78,66,70,78,70,66,70,70,78,78,78,Psi_Site_Chen_MathFeature_Latest_5_0_10_5_1
N74,66,66,58,70,66,66,66,66,70,70,58,58,66,66,78,66,70,66,66,78,66,70,66,66,66,58,58,66,66,66,78,Psi_Site_Chen_MathFeature_Latest_5_0_10_5_1
N75,66,78,78,78,70,58,58,78,78,70,58,58,58,66,58,66,66,78,58,78,66,70,70,70,78,66,70,66,70,66,70,Psi_Site_Chen_MathFeature_Latest_5_0_10_5_1
N76,70,70,66,70,66,66,58,58,58,58,66,70,78,66,66,66,66,58,66,66,58,66,58,58,66,58,58,66,66,66,70,Psi_Site_Chen_MathFeature_Latest_5_0_10_5_1
N77,58,58,66,58,66,66,66,66,58,66,66,66,70,66,66,66,58,70,66,66,58,66,58,70,58,58,78,58,66,70,70,Psi_Site_Chen_MathFeature_Latest_5_0_10_5_1
N78,70,78,70,66,66,70,66,70,70,70,78,78,70,66,70,66,66,78,66,58,70,66,70,66,58,78,78,70,66,70,58,Psi_Site_Chen_MathFeature_Latest_5_0_10_5_1
N79,66,58,66,66,66,78,70,70,78,78,66,66,58,78,66,66,58,70,70,70,78,70,66,70,66,58,70,66,78,66,66,Psi_Site_Chen_MathFeature_Latest_5_0_10_5_1
N80,66,66,66,66,66,78,78,66,70,58,70,66,78,58,58,66,66,78,66,66,78,58,66,70,66,78,66,66,70,66,66,Psi_Site_Chen_MathFeature_Latest_5_0_10_5_1
N81,66,58,66,58,58,70,58,66,66,78,58,58,58,70,66,66,58,66,66,58,70,78,66,66,66,78,66,66,58,58,66,Psi_Site_Chen_MathFeature_Latest_5_0_10_5_1
N82,70,66,58,58,58,78,70,58,70,66,78,70,70,78,58,66,58,66,58,58,70,66,66,70,58,70,66,58,70,58,66,Psi_Site_Chen_MathFeature_Latest_5_0_10_5_1
N83,66,70,70,66,66,58,58,70,58,58,70,58,66,70,58,66,70,70,58,66,66,66,66,78,66,66,58,66,78,78,70,Psi_Site_Chen_MathFeature_Latest_5_0_10_5_1
N84,66,70,78,66,78,78,78,66,78,66,58,66,66,78,78,66,70,66,78,78,78,70,78,78,78,58,70,66,78,78,66,Psi_Site_Chen_MathFeature_Latest_5_0_10_5_1
N85,78,70,78,66,70,70,70,66,70,58,70,78,58,58,70,66,58,66,66,66,66,70,66,66,70,58,78,78,66,70,70,Psi_Site_Chen_MathFeature_Latest_5_0_10_5_1
N86,66,78,66,66,66,66,66,78,70,70,70,70,66,58,66,66,58,70,70,78,58,66,66,78,78,78,70,70,58,58,58,Psi_Site_Chen_MathFeature_Latest_5_0_10_5_1
N87,58,70,66,66,78,70,70,78,78,70,78,66,58,78,78,66,78,78,58,58,70,70,58,66,66,70,70,58,78,70,58,Psi_Site_Chen_MathFeature_Latest_5_0_10_5_1
N88,70,70,78,78,66,58,66,66,58,58,66,70,66,78,70,66,66,58,58,78,78,58,78,66,66,58,78,66,58,70,58,Psi_Site_Chen_MathFeature_Latest_5_0_10_5_1
N89,78,66,66,78,78,70,58,58,70,70,78,78,78,66,66,66,58,58,78,58,70,66,58,78,58,78,78,70,58,70,58,Psi_Site_Chen_MathFeature_Latest_5_0_10_5_1
N90,70,58,70,78,58,58,66,58,78,58,58,58,66,58,66,66,58,58,78,66,66,78,78,66,66,78,66,66,66,66,78,Psi_Site_Chen_MathFeature_Latest_5_0_10_5_1
N91,78,58,78,70,70,66,66,58,66,70,70,66,58,70,70,66,58,70,70,78,70,78,66,70,66,78,78,66,78,58,66,Psi_Site_Chen_MathFeature_Latest_5_0_10_5_1
N92,78,78,58,78,66,66,70,66,70,78,70,66,78,66,58,66,70,58,78,70,66,66,66,58,70,78,66,78,78,78,66,Psi_Site_Chen_MathFeature_Latest_5_0_10_5_1
N93,58,66,66,58,70,70,78,70,66,70,70,58,78,70,70,66,66,70,58,70,70,70,66,78,66,78,78,78,70,58,66,Psi_Site_Chen_MathFeature_Latest_5_0_10_5_1
N94,66,70,58,78,66,70,70,78,58,70,70,70,78,66,66,66,66,70,66,78,66,70,70,58,70,70,70,70,70,70,70,Psi_Site_Chen_MathFeature_Latest_5_0_10_5_1
N95,58,66,66,58,70,78,58,58,66,58,66,58,66,66,58,66,70,58,58,66,58,66,58,66,66,78,70,58,70,66,58,Psi_Site_Chen_MathFeature_Latest_5_0_10_5_1
N96,66,78,78,70,70,66,58,70,58,66,70,70,66,70,70,66,70,70,70,58,58,70,58,78,58,70,70,66,70,70,78,Psi_Site_Chen_MathFeature_Latest_5_0_10_5_1
N97,70,58,78,58,70,70,66,70,70,78,70,70,70,70,70,66,58,70,66,58,70,58,70,66,58,66,66,66,58,70,70,Psi_Site_Chen_MathFeature_Latest_5_0_10_5_1
N98,58,78,58,70,58,70,70,66,70,58,70,70,58,70,70,66,66,70,70,66,70,70,66,58,66,70,70,78,70,58,70,Psi_Site_Chen_MathFeature_Latest_5_0_10_5_1
N99,58,58,66,66,78,78,58,78,78,58,58,70,70,70,78,66,70,58,58,66,66,58,66,78,58,70,70,58,70,66,66,Psi_Site_Chen_MathFeature_Latest_5_0_10_5_1
N100,58,66,78,58,70,70,58,70,66,66,78,70,58,78,78,66,70,78,58,78,78,58,66,66,58,78,66,66,70,78,58,Psi_Site_Chen_MathFeature_Latest_5_0_10_5_1
N101,70,70,78,78,70,70,70,78,78,70,78,78,58,70,70,66,78,70,78,70,70,58,66,66,78,78,78,66,58,66,66,Psi_Site_Chen_MathFeature_Latest_5_0_10_5_1
N102,70,78,70,70,70,78,70,58,58,78,58,78,66,66,66,66,58,66,70,70,78,78,70,70,66,66,78,78,70,58,58,Psi_Site_Chen_MathFeature_Latest_5_0_10_5_1
N103,70,66,58,78,66,70,58,58,70,58,58,58,70,78,78,66,58,58,70,70,70,70,78,70,66,58,70,58,70,78,58,Psi_Site_Chen_MathFeature_Latest_5_0_10_5_1
N104,70,66,66,78,78,78,70,66,66,66,58,70,70,66,66,66,70,66,78,70,58,58,58,58,70,78,78,78,70,70,70,Psi_Site_Chen_MathFeature_Latest_5_0_10_5_1
N105,70,78,78,70,70,78,78,70,70,70,78,70,78,66,58,66,78,58,58,70,70,70,58,78,78,70,70,66,66,58,78,Psi_Site_Chen_MathFeature_Latest_5_0_10_5_1
N106,70,58,78,78,70,70,66,66,58,78,78,66,78,78,78,66,66,70,70,58,78,66,70,66,66,66,58,78,78,70,70,Psi_Site_Chen_MathFeature_Latest_5_0_10_5_1
N107,78,58,78,58,70,70,78,78,78,78,78,78,66,70,78,66,70,70,78,78,58,70,78,66,70,78,66,70,78,70,66,Psi_Site_Chen_MathFeature_Latest_5_0_10_5_1
N108,78,66,66,70,78,58,66,58,58,58,66,66,78,70,66,66,58,70,78,58,66,66,70,66,58,70,70,70,78,58,70,Psi_Site_Chen_MathFeature_Latest_5_0_10_5_1
N109,58,70,78,58,58,78,66,66,58,58,58,78,58,58,78,66,70,78,58,78,78,58,78,78,70,78,78,58,66,58,66,Psi_Site_Chen_MathFeature_Latest_5_0_10_5_1
N110,58,70,70,58,66,58,78,58,66,78,70,58,66,70,78,66,78,58,58,78,70,66,70,78,70,66,66,78,66,70,66,Psi_Site_Chen_MathFeature_Latest_5_0_10_5_1
N111,70,70,70,58,58,58,66,66,66,58,78,78,66,78,70,66,58,70,66,70,70,58,70,70,70,70,66,66,66,78,70,Psi_Site_Chen_MathFeature_Latest_5_0_10_5_1
N112,78,66,78,66,58,58,70,58,58,70,58,70,58,58,66,66,78,58,70,58,70,70,58,70,66,70,66,58,66,58,58,Psi_Site_Chen_MathFeature_Latest_5_0_10_5_1
N113,66,70,58,58,66,58,66,66,58,78,66,70,78,70,70,66,78,58,78,78,78,58,58,70,66,58,58,70,58,70,70,Psi_Site_Chen_MathFeature_Latest_5_0_10_5_1
N114,66,70,66,58,58,70,58,78,58,66,78,78,70,78,78,66,78,78,70,70,78,70,70,70,58,58,78,70,66,58,58,Psi_Site_Chen_MathFeature_Latest_5_0_10_5_1
N115,70,66,70,78,66,66,66,58,66,78,66,58,58,58,78,66,70,70,78,58,58,70,66,70,78,58,70,78,58,70,70,Psi_Site_Chen_MathFeature_Latest_5_0_10_5_1
N116,78,66,78,58,58,70,58,58,70,78,78,78,70,66,70,66,70,58,70,70,70,58,58,70,70,58,66,66,66,66,66,Psi_Site_Chen_MathFeature_Latest_5_0_10_5_1
N117,78,58,70,70,70,78,66,70,78,70,70,58,70,70,70,66,58,78,78,58,70,78,58,58,66,58,58,58,70,70,78,Psi_Site_Chen_MathFeature_Latest_5_0_10_5_1
N118,78,70,58,70,66,78,78,66,58,66,58,58,70,70,78,66,78,78,58,70,70,70,70,66,58,58,70,70,58,78,66,Psi_Site_Chen_MathFeature_Latest_5_0_10_5_1
N119,66,78,66,66,66,66,70,58,58,70,66,78,70,70,66,66,78,70,66,66,78,78,70,78,70,70,70,70,58,70,58,Psi_Site_Chen_MathFeature_Latest_5_0_10_5_1
N120,66,58,58,66,58,66,66,66,78,78,70,78,70,70,58,66,78,78,70,78,70,70,66,58,66,58,66,66,58,70,66,Psi_Site_Chen_MathFeature_Latest_5_0_10_5_1
N121,66,66,58,58,78,70,66,78,70,78,78,70,70,66,58,66,66,78,66,78,78,66,66,66,66,78,66,58,70,70,70,Psi_Site_Chen_MathFeature_Latest_5_0_10_5_1
N122,58,70,66,78,78,78,66,78,66,78,78,78,78,78,70,66,66,66,70,78,78,70,66,58,70,66,58,58,70,66,78,Psi_Site_Chen_MathFeature_Latest_5_0_10_5_1
N123,70,66,58,66,58,70,78,70,78,78,58,66,78,70,78,66,58,66,58,70,66,66,66,66,66,58,66,58,70,70,78,Psi_Site_Chen_MathFeature_Latest_5_0_10_5_1
N124,78,78,66,78,78,70,58,70,70,70,58,66,58,70,70,66,58,58,70,70,58,58,70,70,58,70,78,58,70,70,66,Psi_Site_Chen_MathFeature_Latest_5_0_10_5_1
N125,66,70,66,78,66,66,78,70,66,70,66,70,78,78,70,66,70,58,66,66,58,70,78,66,58,66,70,58,78,70,70,Psi_Site_Chen_MathFeature_Latest_5_0_10_5_1
N126,58,70,70,70,66,66,70,78,58,58,58,58,58,70,70,66,58,58,58,70,70,66,70,78,66,66,58,78,70,78,78,Psi_Site_Chen_MathFeature_Latest_5_0_10_5_1
N127,70,78,78,58,70,70,70,70,66,66,78,58,70,66,70,66,78,58,78,78,70,66,78,70,70,70,66,58,70,70,70,Psi_Site_Chen_MathFeature_Latest_5_0_10_5_1
N128,78,78,70,66,70,78,70,78,66,66,70,70,70,70,70,66,70,70,70,58,78,70,78,58,70,58,66,78,78,70,78,Psi_Site_Chen_MathFeature_Latest_5_0_10_5_1
N129,78,70,58,70,66,70,66,78,78,58,78,70,78,78,58,66,66,66,70,78,66,70,58,58,70,58,58,70,58,58,78,Psi_Site_Chen_MathFeature_Latest_5_0_10_5_1
N130,66,58,66,70,66,70,66,66,70,78,58,78,66,78,58,66,66,58,66,66,58,66,70,66,70,70,70,78,70,66,66,Psi_Site_Chen_MathFeature_Latest_5_0_10_5_1
N131,66,66,78,58,58,70,58,70,78,58,66,58,66,66,66,66,58,70,66,78,78,70,70,58,70,66,66,78,78,78,58,Psi_Site_Chen_MathFeature_Latest_5_0_10_5_1
N132,78,70,58,58,66,78,58,66,70,78,70,70,70,58,66,66,58,66,66,78,66,78,78,78,66,58,66,58,58,66,58,Psi_Site_Chen_MathFeature_Latest_5_0_10_5_1
N133,58,70,66,66,66,58,70,58,78,70,78,78,70,70,70,66,58,70,70,70,70,58,70,58,66,66,66,70,58,66,70,Psi_Site_Chen_MathFeature_Latest_5_0_10_5_1
N134,66,78,78,70,70,78,58,70,70,66,70,58,78,78,78,66,66,78,70,70,70,70,70,58,58,66,78,78,66,78,66,Psi_Site_Chen_MathFeature_Latest_5_0_10_5_1
N135,70,70,70,70,70,70,70,70,70,58,66,58,58,78,70,66,70,58,78,78,78,78,70,78,66,58,78,70,70,58,58,Psi_Site_Chen_MathFeature_Latest_5_0_10_5_1
N136,78,66,66,78,78,70,70,66,78,78,70,70,58,58,58,66,70,70,70,70,66,70,66,66,66,58,58,66,58,66,66,Psi_Site_Chen_MathFeature_Latest_5_0_10_5_1
N137,70,70,70,78,66,66,78,58,70,66,66,66,78,58,58,66,66,70,78,58,58,78,66,58,58,66,78,70,58,70,58,Psi_Site_Chen_MathFeature_Latest_5_0_10_5_1
N138,66,66,70,66,66,70,58,70,78,58,58,58,66,58,66,66,78,70,58,58,66,58,66,70,70,66,58,70,66,78,70,Psi_Site_Chen_MathFeature_Latest_5_0_10_5_1
N139,58,58,70,58,70,58,70,58,66,66,66,70,70,58,70,66,58,70,78,70,70,78,70,70,70,70,58,66,66,66,66,Psi_Site_Chen_MathFeature_Latest_5_0_10_5_1
N140,70,58,58,58,58,70,66,70,66,58,70,66,66,70,70,66,70,70,70,78,70,78,70,78,66,70,58,58,78,70,70,Psi_Site_Chen_MathFeature_Latest_5_0_10_5_1
N141,58,66,70,70,66,70,66,66,70,66,66,78,58,58,66,66,70,66,66,70,70,70,70,70,66,78,78,70,70,66,58,Psi_Site_Chen_MathFeature_Latest_5_0_10_5_1
N142,58,66,66,66,66,66,66,66,70,66,78,70,66,70,66,66,66,78,66,70,58,70,66,70,70,70,58,66,66,66,70,Psi_Site_Chen_MathFeature_Latest_5_0_10_5_1
N143,66,58,58,66,66,58,66,66,70,58,70,66,70,78,70,66,78,78,58,70,58,58,66,70,66,66,58,58,58,66,66,Psi_Site_Chen_MathFeature_Latest_5_0_10_5_1
N144,66,66,58,66,70,78,66,78,78,66,78,70,66,78,70,66,78,66,78,66,66,66,58,66,66,70,78,66,58,66,66,Psi_Site_Chen_MathFeature_Latest_5_0_10_5_1
N145,66,78,78,78,78,66,58,78,78,58,70,66,66,78,70,66,58,70,66,58,66,66,66,78,58,66,70,58,78,66,78,Psi_Site_Chen_MathFeature_Latest_5_0_10_5_1
N146,78,66,66,66,70,66,66,66,66,66,58,70,58,66,66,66,66,66,66,58,66,78,78,66,66,70,66,70,58,66,70,Psi_Site_Chen_MathFeature_Latest_5_0_10_5_1
N147,58,70,70,66,70,70,70,66,58,78,78,70,70,70,70,66,66,78,58,78,70,58,66,70,66,78,70,58,58,58,58,Psi_Site_Chen_MathFeature_Latest_5_0_10_5_1
N148,58,66,70,66,78,70,58,58,58,58,58,58,66,66,70,66,78,58,66,78,78,70,78,70,66,66,66,78,78,58,66,Psi_Site_Chen_MathFeature_Latest_5_0_10_5_1
N149,66,66,58,58,58,58,70,58,66,66,58,70,66,66,58,66,66,70,66,70,78,66,70,58,58,70,78,70,78,66,70,Psi_Site_Chen_MathFeature_Latest_5_0_10_5_1
N150,66,70,58,58,70,78,70,78,66,70,66,66,66,70,58,66,58,58,70,66,58,78,78,78,70,70,70,70,70,66,58,Psi_Site_Chen_MathFeature_Latest_5_0_10_5_1
N151,66,78,70,70,70,70,66,70,70,78,70,78,70,70,70,66,66,66,70,66,66,70,78,66,58,70,66,70,66,66,58,Psi_Site_Chen_MathFeature_Latest_5_0_10_5_1
N152,78,66,66,78,70,70,70,78,66,78,78,70,78,58,78,66,58,70,66,66,78,58,66,70,66,70,66,70,78,70,66,Psi_Site_Chen_MathFeature_Latest_5_0_10_5_1
N153,66,78,78,58,78,66,78,66,66,70,70,70,70,70,70,66,78,66,66,66,66,66,78,78,70,70,78,66,70,70,70,Psi_Site_Chen_MathFeature_Latest_5_0_10_5_1
N154,66,66,58,70,78,66,70,78,66,70,70,78,78,78,70,66,70,58,70,70,70,70,66,70,66,78,66,58,66,58,58,Psi_Site_Chen_MathFeature_Latest_5_0_10_5_1
N155,70,78,58,78,70,70,70,78,70,70,70,66,70,70,58,66,70,70,70,58,58,70,70,70,70,70,70,66,66,66,66,Psi_Site_Chen_MathFeature_Latest_5_0_10_5_1
N156,58,70,70,66,70,58,66,78,70,78,78,70,70,78,70,66,78,58,78,78,58,70,70,66,66,70,66,70,70,70,66,Psi_Site_Chen_MathFeature_Latest_5_0_10_5_1
N157,70,70,66,66,70,66,70,70,70,66,70,70,70,70,78,66,58,70,78,78,70,66,78,70,66,78,58,58,70,70,78,Psi_Site_Chen_MathFeature_Latest_5_0_10_5_1
N158,66,70,66,66,78,70,70,70,70,70,70,78,66,78,70,66,78,70,58,70,70,70,66,66,58,66,66,58,78,70,70,Psi_Site_Chen_MathFeature_Latest_5_0_10_5_1
N159,66,70,78,70,70,70,70,66,70,58,70,70,70,66,70,66,70,58,66,78,78,70,78,70,78,78,78,70,66,58,66,Psi_Site_Chen_MathFeature_Latest_5_0_10_5_1
N160,70,70,78,66,70,70,70,70,58,66,78,70,70,66,70,66,70,66,66,70,78,70,66,70,58,58,66,66,66,70,58,Psi_Site_Chen_MathFeature_Latest_5_0_10_5_1
N161,58,58,58,70,78,70,78,78,70,78,58,70,70,66,66,66,78,70,78,70,66,70,78,70,70,58,70,70,70,58,66,Psi_Site_Chen_MathFeature_Latest_5_0_10_5_1
N162,70,70,58,66,70,66,66,70,70,70,78,66,66,70,66,66,66,70,66,70,70,58,58,58,78,58,58,58,78,58,66,Psi_Site_Chen_MathFeature_Latest_5_0_10_5_1
N163,58,58,58,70,70,66,70,66,58,58,78,66,58,58,70,66,70,70,66,70,70,78,70,70,70,78,78,66,78,70,58,Psi_Site_Chen_MathFeature_Latest_5_0_10_5_1
N164,70,70,66,78,78,58,66,58,78,70,58,58,70,70,58,66,66,58,70,70,78,70,70,78,78,58,70,78,70,78,70,Psi_Site_Chen_MathFeature_Latest_5_0_10_5_1
N165,66,70,78,70,58,78,78,78,78,70,58,58,70,70,78,66,58,66,66,58,78,70,66,66,66,78,66,58,66,78,58,Psi_Site_Chen_MathFeature_Latest_5_0_10_5_1
N166,66,66,58,58,70,78,78,70,70,78,78,70,78,66,78,66,58,66,70,78,66,78,66,78,78,78,58,70,70,78,78,Psi_Site_Chen_MathFeature_Latest_5_0_10_5_1
N167,70,66,70,66,70,58,58,70,66,66,58,58,58,58,78,66,66,58,66,66,78,66,66,70,78,78,66,70,70,70,78,Psi_Site_Chen_MathFeature_Latest_5_0_10_5_1
N168,78,66,58,70,78,78,70,58,78,66,58,66,70,66,58,66,78,66,78,58,78,66,66,66,70,78,58,78,70,78,66,Psi_Site_Chen_MathFeature_Latest_5_0_10_5_1
N169,66,66,58,70,66,58,78,58,78,78,58,70,78,78,70,66,58,58,58,70,78,58,70,78,66,78,78,70,78,66,70,Psi_Site_Chen_MathFeature_Latest_5_0_10_5_1
N170,70,70,58,66,78,58,58,58,70,58,70,70,70,70,66,66,66,66,78,58,58,78,66,70,70,58,66,66,66,66,66,Psi_Site_Chen_MathFeature_Latest_5_0_10_5_1
N171,78,78,78,58,58,70,66,66,70,58,78,66,66,58,58,66,66,66,78,58,58,70,78,58,66,58,58,70,66,58,58,Psi_Site_Chen_MathFeature_Latest_5_0_10_5_1
N172,66,58,70,66,58,66,66,66,78,78,70,66,66,66,70,66,70,66,66,78,78,78,66,78,66,78,66,66,58,58,70,Psi_Site_Chen_MathFeature_Latest_5_0_10_5_1
N173,58,78,70,78,78,70,70,58,70,70,78,70,78,70,70,66,66,78,58,58,66,66,58,58,78,58,58,66,78,66,66,Psi_Site_Chen_MathFeature_Latest_5_0_10_5_1
N174,78,58,58,70,66,66,70,58,58,58,70,58,70,70,70,66,70,70,66,66,66,70,66,78,66,78,66,66,58,58,70,Psi_Site_Chen_MathFeature_Latest_5_0_10_5_1
N175,58,66,58,70,58,58,70,78,70,78,70,66,78,70,70,66,70,70,58,70,70,66,70,70,66,78,58,70,70,58,78,Psi_Site_Chen_MathFeature_Latest_5_0_10_5_1
N176,66,70,70,70,70,70,66,66,78,66,78,78,78,66,66,66,66,66,58,78,66,66,58,78,58,70,78,70,78,78,70,Psi_Site_Chen_MathFeature_Latest_5_0_10_5_1
N177,78,58,70,70,70,70,58,58,66,70,58,58,66,58,66,66,70,58,70,78,78,58,66,66,66,66,66,66,66,58,70,Psi_Site_Chen_MathFeature_Latest_5_0_10_5_1
N178,58,58,66,58,66,70,58,66,78,70,78,78,70,66,70,66,66,58,58,58,70,58,66,70,78,70,70,70,70,58,66,Psi_Site_Chen_MathFeature_Latest_5_0_10_5_1
N179,70,70,70,66,66,66,66,58,70,66,66,66,58,70,78,66,66,78,66,66,66,66,66,78,66,70,70,58,70,78,78,Psi_Site_Chen_MathFeature_Latest_5_0_10_5_1
N180,58,70,78,78,58,66,78,66,70,58,66,78,70,78,58,66,78,70,78,70,78,78,70,66,58,58,70,66,66,70,70,Psi_Site_Chen_MathFeature_Latest_5_0_10_5_1
N181,78,58,78,70,70,58,66,78,66,66,78,66,66,66,58,66,66,70,58,70,66,78,70,58,70,78,66,70,58,70,78,Psi_Site_Chen_MathFeature_Latest_5_0_10_5_1
N182,66,58,66,66,78,70,78,58,58,78,66,58,70,78,78,66,58,58,66,78,58,70,70,78,78,78,66,70,58,58,70,Psi_Site_Chen_MathFeature_Latest_5_0_10_5_1
N183,58,58,70,66,70,70,66,58,58,70,58,58,78,78,66,66,66,66,70,66,58,58,58,70,70,70,70,78,78,58,78,Psi_Site_Chen_MathFeature_Latest_5_0_10_5_1
N184,78,66,70,66,78,78,66,66,70,70,70,70,78,70,70,66,70,66,70,66,66,70,66,66,78,66,70,66,66,70,70,Psi_Site_Chen_MathFeature_Latest_5_0_10_5_1
N185,70,58,58,70,66,78,66,66,58,70,78,66,58,70,70,66,70,58,78,58,58,70,78,78,66,78,58,66,70,58,58,Psi_Site_Chen_MathFeature_Latest_5_0_10_5_1
N186,58,58,78,58,66,78,66,78,58,58,66,58,58,58,70,66,66,78,58,66,78,70,58,78,58,58,58,66,78,70,66,Psi_Site_Chen_MathFeature_Latest_5_0_10_5_1
N187,66,58,58,66,66,66,66,66,78,78,66,78,58,78,58,66,78,70,70,66,78,66,70,66,78,58,58,78,66,70,78,Psi_Site_Chen_MathFeature_Latest_5_0_10_5_1
N188,66,66,66,70,58,78,66,58,78,78,70,70,70,78,70,66,70,70,70,66,78,58,58,78,66,70,58,58,70,66,66,Psi_Site_Chen_MathFeature_Latest_5_0_10_5_1
N189,70,66,70,70,70,78,78,58,66,70,66,70,70,66,70,66,66,70,78,78,66,70,66,70,58,70,78,70,70,66,70,Psi_Site_Chen_MathFeature_Latest_5_0_10_5_1
N190,66,66,66,66,70,66,66,58,58,70,70,58,70,58,70,66,66,58,78,70,78,58,66,70,78,66,70,66,70,70,70,Psi_Site_Chen_MathFeature_Latest_5_0_10_5_1
N191,70,70,70,78,58,58,66,70,70,78,70,70,70,70,66,66,66,66,78,58,66,78,78,78,78,70,58,70,70,70,70,Psi_Site_Chen_MathFeature_Latest_5_0_10_5_1
N192,78,66,66,66,58,66,58,66,58,70,70,58,58,66,66,66,78,78,66,78,70,58,70,58,70,58,66,70,66,78,58,Psi_Site_Chen_MathFeature_Latest_5_0_10_5_1
N193,70,66,66,66,78,78,58,58,70,66,78,70,70,66,70,66,66,78,70,70,66,70,78,66,70,70,58,70,70,78,70,Psi_Site_Chen_MathFeature_Latest_5_0_10_5_1
N194,66,58,58,70,66,66,58,66,66,66,66,58,58,58,66,66,66,70,58,58,78,58,66,78,78,58,58,66,78,66,78,Psi_Site_Chen_MathFeature_Latest_5_0_10_5_1
N195,70,70,58,58,58,66,58,70,66,58,58,78,70,78,70,66,70,66,70,58,70,58,70,66,66,70,70,70,58,78,78,Psi_Site_Chen_MathFeature_Latest_5_0_10_5_1
N196,70,78,78,70,70,66,70,66,66,70,66,66,70,70,58,66,70,70,78,58,58,66,66,70,78,70,70,58,70,70,78,Psi_Site_Chen_MathFeature_Latest_5_0_10_5_1
N197,78,78,58,78,58,78,78,66,58,78,78,78,78,58,66,66,58,78,70,58,66,58,70,66,66,66,78,70,66,70,58,Psi_Site_Chen_MathFeature_Latest_5_0_10_5_1
N198,66,78,70,66,78,58,66,66,66,66,66,66,58,70,70,66,58,58,70,78,58,58,58,78,58,70,58,70,70,70,66,Psi_Site_Chen_MathFeature_Latest_5_0_10_5_1
N199,78,70,66,70,70,70,70,66,78,70,58,66,58,58,70,66,78,78,58,58,70,70,78,66,66,78,78,66,66,70,70,Psi_Site_Chen_MathFeature_Latest_5_0_10_5_1
N200,78,66,66,70,66,66,78,58,66,78,78,78,66,66,78,66,66,78,66,66,70,66,66,58,70,58,66,66,66,70,70,Psi_Site_Chen_MathFeature_Latest_5_0_10_5_1
N201,70,66,78,70,58,58,78,66,70,70,70,70,70,70,58,66,70,70,70,78,78,58,70,70,70,70,78,58,70,66,66,Psi_Site_Chen_MathFeature_Latest_5_0_10_5_1
N202,70,66,70,70,58,78,70,70,70,70,70,70,70,78,58,66,78,66,70,70,78,70,70,70,70,66,78,58,70,78,66,Psi_Site_Chen_MathFeature_Latest_5_0_10_5_1
N203,66,58,70,70,78,66,58,66,66,58,70,70,70,70,70,66,66,70,66,78,58,58,78,70,66,78,78,66,66,70,78,Psi_Site_Chen_MathFeature_Latest_5_0_10_5_1
N204,66,66,70,70,78,66,58,70,70,66,58,66,58,70,78,66,70,78,58,70,58,58,66,58,78,58,58,66,66,58,58,Psi_Site_Chen_MathFeature_Latest_5_0_10_5_1
N205,58,66,58,78,58,58,66,66,58,58,70,66,58,66,78,66,66,58,58,58,66,58,66,70,58,70,66,58,66,66,58,Psi_Site_Chen_MathFeature_Latest_5_0_10_5_1
N206,78,66,66,66,66,66,58,70,58,58,66,58,58,70,58,66,70,70,66,70,58,58,70,58,78,70,66,58,70,70,70,Psi_Site_Chen_MathFeature_Latest_5_0_10_5_1
N207,66,70,66,58,66,70,66,70,78,70,58,58,58,58,66,66,70,78,58,70,58,58,70,58,70,58,70,70,58,70,58,Psi_Site_Chen_MathFeature_Latest_5_0_10_5_1
N208,58,70,70,78,58,70,70,66,58,78,70,70,78,78,66,66,58,66,78,78,70,70,66,78,78,58,78,78,78,70,70,Psi_Site_Chen_MathFeature_Latest_5_0_10_5_1
N209,66,58,70,70,78,78,70,70,78,66,70,70,66,66,70,66,58,66,70,58,66,66,66,66,66,70,58,70,70,58,70,Psi_Site_Chen_MathFeature_Latest_5_0_10_5_1
N210,78,78,66,66,58,58,78,66,66,70,66,66,66,66,78,66,66,78,78,70,70,70,70,58,66,66,78,58,78,66,66,Psi_Site_Chen_MathFeature_Latest_5_0_10_5_1
N211,70,70,58,66,58,58,66,58,66,78,78,78,66,58,58,66,66,58,66,66,70,78,58,66,78,58,70,70,58,70,58,Psi_Site_Chen_MathFeature_Latest_5_0_10_5_1
N212,66,66,66,66,66,58,70,66,78,70,70,70,70,70,70,66,66,66,78,78,78,70,70,70,70,70,78,70,70,70,70,Psi_Site_Chen_MathFeature_Latest_5_0_10_5_1
N213,66,70,66,66,78,78,78,70,70,58,70,78,78,70,70,66,70,58,58,70,70,58,58,78,66,66,58,66,58,70,66,Psi_Site_Chen_MathFeature_Latest_5_0_10_5_1
N214,70,58,78,70,70,70,66,58,58,58,58,66,58,70,78,66,70,66,70,66,70,70,66,78,70,66,58,66,66,66,66,Psi_Site_Chen_MathFeature_Latest_5_0_10_5_1
N215,70,66,70,70,70,58,58,70,58,58,78,70,70,70,70,66,70,66,70,66,66,66,70,78,78,58,58,70,66,66,78,Psi_Site_Chen_MathFeature_Latest_5_0_10_5_1
N216,78,70,78,58,70,70,70,70,78,70,78,70,70,70,58,66,70,78,66,58,66,58,58,78,58,70,66,66,66,78,66,Psi_Site_Chen_MathFeature_Latest_5_0_10_5_1
N217,58,70,58,58,70,70,66,78,78,58,70,70,66,70,70,66,70,58,58,66,58,58,66,70,70,70,70,78,66,70,58,Psi_Site_Chen_MathFeature_Latest_5_0_10_5_1
N218,66,78,78,78,70,58,66,70,78,70,78,66,58,66,58,66,70,70,66,66,66,78,78,70,70,70,70,70,70,58,66,Psi_Site_Chen_MathFeature_Latest_5_0_10_5_1
N219,66,58,78,70,70,78,66,66,70,70,70,78,78,70,58,66,70,78,70,70,66,70,78,58,78,78,78,66,70,70,66,Psi_Site_Chen_MathFeature_Latest_5_0_10_5_1
N220,70,78,58,78,78,78,66,70,70,66,58,70,66,66,70,66,70,66,58,58,58,70,66,78,78,66,70,70,58,78,66,Psi_Site_Chen_MathFeature_Latest_5_0_10_5_1
N221,78,70,58,66,70,58,70,70,70,78,66,66,58,58,58,66,78,66,66,66,66,78,78,66,58,78,78,78,66,58,58,Psi_Site_Chen_MathFeature_Latest_5_0_10_5_1
N222,58,70,58,66,70,78,66,66,70,58,70,58,78,70,66,66,58,66,66,66,78,70,78,78,78,66,78,66,70,70,66,Psi_Site_Chen_MathFeature_Latest_5_0_10_5_1
N223,70,78,58,66,78,78,66,66,66,66,78,66,66,58,66,66,70,70,58,70,70,66,70,66,66,66,58,66,66,78,66,Psi_Site_Chen_MathFeature_Latest_5_0_10_5_1
N224,66,58,70,58,70,78,70,70,66,66,66,58,70,58,70,66,66,58,58,58,70,78,66,66,70,58,66,66,66,70,70,Psi_Site_Chen_MathFeature_Latest_5_0_10_5_1
N225,70,78,78,70,78,78,58,78,78,70,78,78,78,70,58,66,66,66,66,78,58,58,70,66,66,66,66,78,78,78,66,Psi_Site_Chen_MathFeature_Latest_5_0_10_5_1
N226,66,70,78,66,66,66,78,78,70,70,78,70,70,66,78,66,58,66,70,78,58,70,66,66,70,78,58,78,58,70,66,Psi_Site_Chen_MathFeature_Latest_5_0_10_5_1
N227,70,70,70,70,70,66,78,70,78,70,66,66,70,78,70,66,66,70,66,66,70,70,66,66,70,66,66,78,66,78,66,Psi_Site_Chen_MathFeature_Latest_5_0_10_5_1
N228,66,78,58,78,58,70,78,78,70,70,70,66,70,70,78,66,78,58,66,58,70,70,78,66,66,66,66,58,66,70,58,Psi_Site_Chen_MathFeature_Latest_5_0_10_5_1
N229,66,70,70,70,66,78,66,70,70,58,78,78,58,58,78,66,78,58,66,58,66,70,78,66,78,70,70,70,66,66,66,Psi_Site_Chen_MathFeature_Latest_5_0_10_5_1
N230,70,70,70,78,58,58,66,58,58,78,66,78,66,78,78,66,78,58,70,58,66,66,58,58,66,66,58,66,66,66,66,Psi_Site_Chen_MathFeature_Latest_5_0_10_5_1
N231,58,70,66,78,70,70,58,66,78,78,70,70,66,66,58,66,70,58,70,70,70,78,78,70,66,58,66,66,70,70,58,Psi_Site_Chen_MathFeature_Latest_5_0_10_5_1
N232,78,78,66,70,58,78,66,66,66,66,58,66,66,66,66,66,66,66,58,58,66,70,66,70,70,66,70,66,70,70,70,Psi_Site_Chen_MathFeature_Latest_5_0_10_5_1
N233,58,66,70,66,78,78,78,70,66,66,78,66,66,66,78,66,58,58,70,58,66,66,58,70,78,66,58,66,70,66,66,Psi_Site_Chen_MathFeature_Latest_5_0_10_5_1
N234,58,66,70,66,58,78,66,58,66,70,66,58,70,70,58,66,70,70,66,70,78,66,66,70,66,70,66,66,70,66,58,Psi_Site_Chen_MathFeature_Latest_5_0_10_5_1
N235,70,70,66,70,66,58,58,58,58,78,70,70,78,78,70,66,70,70,66,66,70,66,66,66,58,66,66,66,78,58,78,Psi_Site_Chen_MathFeature_Latest_5_0_10_5_1
N236,78,66,66,70,66,66,58,58,70,70,70,66,78,66,70,66,66,66,66,66,58,58,66,70,66,66,66,78,58,58,70,Psi_Site_Chen_MathFeature_Latest_5_0_10_5_1
N237,66,58,70,58,58,70,58,58,70,70,70,66,78,78,70,66,66,78,66,66,66,66,58,70,66,58,58,70,78,58,66,Psi_Site_Chen_MathFeature_Latest_5_0_10_5_1
N238,78,78,70,78,66,78,66,58,70,58,66,70,78,58,66,66,58,70,58,58,58,78,78,78,78,66,58,58,70,70,66,Psi_Site_Chen_MathFeature_Latest_5_0_10_5_1
N239,78,70,66,66,58,78,58,66,66,66,70,66,66,58,66,66,66,70,58,66,58,58,58,58,70,58,66,58,70,70,58,Psi_Site_Chen_MathFeature_Latest_5_0_10_5_1
N240,66,66,66,66,66,58,58,70,58,78,66,70,66,66,66,66,70,70,70,70,70,78,78,78,78,66,70,78,58,58,66,Psi_Site_Chen_MathFeature_Latest_5_0_10_5_1
N241,58,58,66,66,58,70,66,70,58,58,70,58,58,70,78,66,70,70,58,66,58,66,78,78,58,78,70,66,78,78,66,Psi_Site_Chen_MathFeature_Latest_5_0_10_5_1
N242,66,66,66,58,78,70,58,66,66,58,70,78,58,78,78,66,66,70,66,66,66,66,58,66,66,58,70,78,58,58,58,Psi_Site_Chen_MathFeature_Latest_5_0_10_5_1
N243,78,58,66,58,70,58,70,70,70,70,66,66,70,58,58,66,78,58,70,70,66,66,66,78,70,78,70,70,58,70,58,Psi_Site_Chen_MathFeature_Latest_5_0_10_5_1
N244,78,66,70,66,78,70,66,58,70,70,66,58,70,78,58,66,58,70,58,78,66,66,70,66,66,66,78,70,70,70,70,Psi_Site_Chen_MathFeature_Latest_5_0_10_5_1
N245,58,66,70,70,78,78,58,66,58,70,66,66,66,70,70,66,78,78,58,58,70,78,78,58,58,66,70,58,70,70,58,Psi_Site_Chen_MathFeature_Latest_5_0_10_5_1
N246,66,78,70,58,78,78,66,66,70,78,58,66,66,70,70,66,66,70,70,58,78,78,58,58,58,66,78,70,66,78,66,Psi_Site_Chen_MathFeature_Latest_5_0_10_5_1
N247,70,70,70,70,70,78,66,66,78,70,58,78,70,58,78,66,58,78,66,70,58,66,66,58,58,70,58,58,58,66,78,Psi_Site_Chen_MathFeature_Latest_5_0_10_5_1
N248,66,66,78,66,70,58,78,66,70,66,66,58,70,58,70,66,78,66,58,58,66,78,78,58,78,66,78,58,78,78,58,Psi_Site_Chen_MathFeature_Latest_5_0_10_5_1
N249,66,78,58,58,58,70,58,78,78,58,78,78,66,78,66,66,78,58,58,78,58,70,70,70,78,78,66,66,70,70,66,Psi_Site_Chen_MathFeature_Latest_5_0_10_5_1
N250,78,70,58,70,58,66,66,66,70,66,58,58,78,70,66,66,78,58,78,78,70,78,66,58,78,70,66,70,66,58,70,Psi_Site_Chen_MathFeature_Latest_5_0_10_5_1
N251,70,70,66,58,66,70,58,66,78,58,70,70,66,66,66,66,66,66,70,58,66,66,66,66,70,78,66,66,66,78,66,Psi_Site_Chen_MathFeature_Latest_5_0_10_5_1
N252,70,70,78,58,70,78,78,70,70,58,70,58,58,66,58,66,78,78,70,78,70,66,70,70,70,70,78,58,78,58,58,Psi_Site_Chen_MathFeature_Latest_5_0_10_5_1
N253,58,66,66,78,58,70,58,58,70,70,78,78,78,70,70,66,70,70,66,78,70,66,78,70,66,66,78,58,66,78,70,Psi_Site_Chen_MathFeature_Latest_5_0_10_5_1
N254,66,58,66,66,66,58,58,58,66,58,78,58,66,70,58,66,58,70,58,70,78,70,66,78,70,78,58,66,78,58,78,Psi_Site_Chen_MathFeature_Latest_5_0_10_5_1
N255,66,70,66,66,78,66,66,58,58,58,70,66,58,66,70,66,78,78,58,58,66,66,66,66,58,78,66,58,78,78,70,Psi_Site_Chen_MathFeature_Latest_5_0_10_5_1
N256,70,70,70,78,70,78,78,58,78,78,66,70,78,58,58,66,70,70,70,78,70,66,70,58,78,78,66,70,70,66,66,Psi_Site_Chen_MathFeature_Latest_5_0_10_5_1
N257,70,78,70,58,78,78,58,58,70,78,70,70,70,58,58,66,58,58,70,78,78,58,78,78,70,78,66,66,70,70,58,Psi_Site_Chen_MathFeature_Latest_5_0_10_5_1
N258,70,66,58,58,78,58,58,78,70,66,66,66,70,66,66,66,66,66,58,66,78,66,78,66,70,70,78,66,66,78,70,Psi_Site_Chen_MathFeature_Latest_5_0_10_5_1
N259,66,66,66,78,66,66,78,78,58,58,58,66,70,78,70,66,70,70,78,70,70,66,58,58,66,70,70,66,70,66,70,Psi_Site_Chen_MathFeature_Latest_5_0_10_5_1
N260,78,78,58,70,58,78,58,78,78,70,58,70,70,70,70,66,78,58,70,78,58,70,58,78,78,70,70,66,70,66,78,Psi_Site_Chen_MathFeature_Latest_5_0_10_5_1
N261,58,78,58,70,70,58,70,78,66,70,66,70,70,66,66,66,66,70,66,70,70,70,58,58,58,66,78,78,66,66,66,Psi_Site_Chen_MathFeature_Latest_5_0_10_5_1
N262,58,58,70,66,58,66,66,78,66,58,66,58,70,70,58,66,78,70,78,70,70,78,70,70,70,70,58,70,66,78,66,Psi_Site_Chen_MathFeature_Latest_5_0_10_5_1
N263,58,58,70,66,70,66,70,58,58,58,70,66,66,58,78,66,66,78,70,70,70,70,70,70,66,66,58,66,58,66,70,Psi_Site_Chen_MathFeature_Latest_5_0_10_5_1
N264,78,70,66,66,66,66,78,66,70,78,58,70,58,78,70,66,70,66,58,58,78,58,70,70,78,70,70,66,78,70,66,Psi_Site_Chen_MathFeature_Latest_5_0_10_5_1
N265,70,66,66,78,66,70,58,66,58,58,66,58,58,70,78,66,66,58,58,66,66,70,78,58,70,70,66,66,78,58,58,Psi_Site_Chen_MathFeature_Latest_5_0_10_5_1
N266,58,70,58,58,70,70,70,66,70,58,66,58,58,66,58,66,78,58,78,66,70,66,78,58,78,70,78,78,66,66,78,Psi_Site_Chen_MathFeature_Latest_5_0_10_5_1
N267,66,70,58,58,66,58,66,70,66,70,66,78,58,66,78,66,78,66,70,70,70,70,66,70,78,70,70,70,70,66,70,Psi_Site_Chen_MathFeature_Latest_5_0_10_5_1
N268,70,70,78,70,78,66,66,66,58,66,66,70,70,78,70,66,58,58,78,58,70,78,70,58,66,58,70,70,66,66,58,Psi_Site_Chen_MathFeature_Latest_5_0_10_5_1
N269,58,66,66,66,58,70,70,70,78,78,66,58,58,78,78,66,78,58,66,78,78,70,78,70,70,70,58,70,78,58,66,Psi_Site_Chen_MathFeature_Latest_5_0_10_5_1
N270,66,78,58,70,78,78,78,66,78,70,78,78,78,66,78,66,58,70,66,58,78,70,58,70,78,58,70,70,70,66,66,Psi_Site_Chen_MathFeature_Latest_5_0_10_5_1
N271,70,58,78,58,66,78,70,78,78,70,78,78,70,78,66,66,78,78,70,70,70,78,78,66,70,58,70,66,58,58,78,Psi_Site_Chen_MathFeature_Latest_5_0_10_5_1
N272,78,78,66,70,58,70,66,58,58,78,66,78,58,66,70,66,78,78,66,58,70,78,70,78,70,78,58,70,78,70,66,Psi_Site_Chen_MathFeature_Latest_5_0_10_5_1
N273,78,66,66,58,70,58,70,70,78,78,58,70,78,58,66,66,58,78,66,70,66,70,78,66,70,70,66,70,58,70,78,Psi_Site_Chen_MathFeature_Latest_5_0_10_5_1
N274,70,66,70,66,58,58,70,70,58,78,78,70,66,78,58,66,66,70,66,70,66,58,58,58,58,70,58,78,66,70,66,Psi_Site_Chen_MathFeature_Latest_5_0_10_5_1
N275,66,70,58,78,78,70,70,70,78,58,70,78,58,58,58,66,58,78,58,70,78,58,78,70,66,66,58,66,78,78,58,Psi_Site_Chen_MathFeature_Latest_5_0_10_5_1
N276,78,58,58,58,70,70,70,66,78,70,58,58,66,70,66,66,70,58,66,66,66,66,70,66,66,58,70,66,66,58,66,Psi_Site_Chen_MathFeature_Latest_5_0_10_5_1
N277,58,78,78,66,70,78,66,58,78,70,66,70,70,70,66,66,66,78,66,78,66,58,70,70,70,66,66,66,66,66,66,Psi_Site_Chen_MathFeature_Latest_5_0_10_5_1
N278,66,66,66,66,78,66,66,58,58,78,78,70,66,66,66,66,66,66,66,66,70,58,58,78,78,58,66,58,66,66,70,Psi_Site_Chen_MathFeature_Latest_5_0_10_5_1
N279,66,78,78,66,66,70,66,70,70,78,78,78,78,70,78,66,78,78,58,70,78,58,78,78,58,78,78,66,70,78,70,Psi_Site_Chen_MathFeature_Latest_5_0_10_5_1
N280,70,58,70,66,78,70,70,58,58,70,70,70,70,58,70,66,66,66,78,58,70,66,78,78,58,58,66,66,58,58,66,Psi_Site_Chen_MathFeature_Latest_5_0_10_5_1
N281,58,58,58,58,66,58,70,66,58,66,66,66,78,70,78,66,78,70,78,70,70,78,58,66,66,70,66,70,66,78,58,Psi_Site_Chen_MathFeature_Latest_5_0_10_5_1
N282,78,78,78,70,78,70,66,70,70,66,78,58,70,70,58,66,58,58,70,58,58,70,58,58,70,78,58,78,58,66,58,Psi_Site_Chen_MathFeature_Latest_5_0_10_5_1
N283,70,70,66,78,70,70,78,78,70,70,78,66,70,70,70,66,70,70,78,70,78,78,58,58,78,66,58,78,58,70,66,Psi_Site_Chen_MathFeature_Latest_5_0_10_5_1
N284,58,78,70,66,78,78,66,70,70,78,78,78,66,58,70,66,66,66,58,66,78,78,78,70,78,78,66,58,70,78,70,Psi_Site_Chen_MathFeature_Latest_5_0_10_5_1
N285,66,66,66,70,66,66,66,66,66,78,70,66,58,58,66,66,70,58,78,78,70,66,66,66,66,66,70,70,66,70,58,Psi_Site_Chen_MathFeature_Latest_5_0_10_5_1
N286,58,58,66,78,66,70,58,58,70,70,66,66,78,78,70,66,70,58,70,58,66,66,66,66,78,70,78,70,66,78,66,Psi_Site_Chen_MathFeature_Latest_5_0_10_5_1
N287,70,70,70,70,66,58,70,70,70,78,58,58,70,70,70,66,78,70,70,58,70,70,70,66,78,78,58,58,58,70,78,Psi_Site_Chen_MathFeature_Latest_5_0_10_5_1
N288,78,78,78,70,58,70,66,66,58,66,70,70,66,78,70,66,78,78,70,78,70,66,78,78,66,78,66,66,78,70,70,Psi_Site_Chen_MathFeature_Latest_5_0_10_5_1
N289,66,70,70,70,66,78,58,70,66,70,70,70,70,78,70,66,78,70,58,70,66,70,78,70,78,70,66,70,66,78,66,Psi_Site_Chen_MathFeature_Latest_5_0_10_5_1
N290,70,66,58,78,70,70,58,70,66,78,70,70,78,78,70,66,78,58,66,78,66,66,66,66,66,70,70,70,70,66,66,Psi_Site_Chen_MathFeature_Latest_5_0_10_5_1
N291,78,70,58,70,70,70,58,70,78,58,58,66,58,58,78,66,58,78,70,66,58,78,70,70,78,58,70,78,58,66,70,Psi_Site_Chen_MathFeature_Latest_5_0_10_5_1
N292,70,66,78,66,58,78,66,58,66,70,70,66,78,58,66,66,70,58,78,66,78,70,78,70,70,66,70,58,58,78,58,Psi_Site_Chen_MathFeature_Latest_5_0_10_5_1
N293,58,66,78,66,78,78,70,58,66,70,58,58,78,66,78,66,78,58,78,70,66,66,78,58,66,70,66,78,66,78,70,Psi_Site_Chen_MathFeature_Latest_5_0_10_5_1
N294,78,78,70,78,58,66,70,78,66,66,58,70,70,78,66,66,78,58,66,58,70,58,66,78,78,66,78,78,78,58,66,Psi_Site_Chen_MathFeature_Latest_5_0_10_5_1
N295,58,70,70,70,70,70,58,66,66,58,70,66,66,78,66,66,58,66,66,66,66,58,70,66,58,70,70,78,78,66,78,Psi_Site_Chen_MathFeature_Latest_5_0_10_5_1
N296,78,78,66,66,70,78,66,78,70,78,66,66,66,66,70,66,78,58,58,58,58,66,58,78,66,78,66,70,78,66,70,Psi_Site_Chen_MathFeature_Latest_5_0_10_5_1
N297,66,78,58,66,70,58,70,58,78,70,70,78,78,66,58,66,78,58,66,70,70,70,70,58,78,70,78,70,58,78,70,Psi_Site_Chen_MathFeature_Latest_5_0_10_5_1
N298,66,58,78,58,78,58,66,58,78,58,66,78,70,58,66,66,70,66,78,78,58,78,58,58,70,70,66,66,78,78,66,Psi_Site_Chen_MathFeature_Latest_5_0_10_5_1
N299,78,58,66,70,66,66,70,70,70,78,78,78,58,70,70,66,70,58,58,70,58,70,70,58,58,66,58,70,70,70,58,Psi_Site_Chen_MathFeature_Latest_5_0_10_5_1
N300,58,70,78,70,78,70,78,70,70,70,58,78,70,66,78,66,66,78,70,70,58,58,58,66,66,58,66,58,70,58,66,Psi_Site_Chen_MathFeature_Latest_5_0_10_5_1
N301,70,58,78,66,78,70,66,70,58,58,78,58,58,66,58,66,66,66,78,78,70,66,70,70,66,58,66,66,78,66,70,Psi_Site_Chen_MathFeature_Latest_5_0_10_5_1
N302,66,78,78,58,70,58,58,78,70,58,78,58,58,70,66,66,70,58,58,70,58,58,70,70,66,66,78,58,78,66,66,Psi_Site_Chen_MathFeature_Latest_5_0_10_5_1
N303,70,78,78,70,66,66,78,70,78,66,66,70,58,70,70,66,58,66,78,66,66,66,70,58,70,70,66,78,70,66,78,Psi_Site_Chen_MathFeature_Latest_5_0_10_5_1
N304,66,70,66,66,58,70,78,66,58,58,58,66,58,70,58,66,58,70,70,58,66,78,78,58,78,66,58,70,70,78,70,Psi_Site_Chen_MathFeature_Latest_5_0_10_5_1
N305,70,78,66,66,66,66,70,66,70,70,70,70,66,58,58,66,58,78,58,70,58,66,70,66,58,78,58,66,78,66,66,Psi_Site_Chen_MathFeature_Latest_5_0_10_5_1
N306,70,70,70,66,70,70,66,58,58,66,66,58,70,58,70,66,58,70,66,78,70,70,70,66,70,66,70,70,78,58,66,Psi_Site_Chen_MathFeature_Latest_5_0_10_5_1
N307,66,70,78,58,70,66,70,78,66,58,78,78,78,66,66,66,66,66,58,66,66,66,66,70,78,66,66,66,58,70,78,Psi_Site_Chen_MathFeature_Latest_5_0_10_5_1
N308,70,70,66,78,66,78,78,66,70,78,78,70,70,70,70,66,78,70,70,70,58,70,66,70,66,70,70,58,78,78,70,Psi_Site_Chen_MathFeature_Latest_5_0_10_5_1
N309,70,58,66,70,70,66,78,66,66,78,78,70,70,70,70,66,70,70,66,58,58,66,70,58,78,70,66,70,58,70,78,Psi_Site_Chen_MathFeature_Latest_5_0_10_5_1
N310,66,78,78,58,78,70,66,66,70,66,70,66,66,58,70,66,70,58,70,70,70,78,78,66,70,70,66,78,78,70,78,Psi_Site_Chen_MathFeature_Latest_5_0_10_5_1
N311,66,66,70,78,58,70,66,70,58,70,78,58,70,70,70,66,70,66,58,58,58,58,70,66,66,66,78,70,58,78,78,Psi_Site_Chen_MathFeature_Latest_5_0_10_5_1
N312,66,70,66,70,78,78,70,78,58,58,66,58,58,78,66,66,70,58,66,66,66,66,78,78,78,70,58,70,70,70,66,Psi_Site_Chen_MathFeature_Latest_5_0_10_5_1
N313,70,70,78,78,70,66,70,66,70,66,70,70,66,58,70,66,78,78,70,70,78,78,78,66,78,70,58,78,58,70,58,Psi_Site_Chen_MathFeature_Latest_5_0_10_5_1
N314,66,66,66,78,66,66,78,58,70,70,66,66,66,66,58,66,58,70,78,78,78,78,66,78,78,70,78,66,78,78,70,Psi_Site_Chen_MathFeature_Latest_5_0_10_5_1
