nameseq,pseknc-0,pseknc-1,pseknc-2,pseknc-3,pseknc-4,pseknc-5,pseknc-6,pseknc-7,pseknc-8,pseknc-9,pseknc-10,pseknc-11,pseknc-12,pseknc-13,pseknc-14,pseknc-15,label
P1,0.062,0.033,0.066,0.066,0.033,0.033,0.1,0.033,0.033,0.066,0.066,0.1,0.066,0.1,0.033,0.033,Psi_Site_Chen_MathFeature_Latest_5_0_10_5_1
P2,0.013,0.066,0.1,0.066,0.066,0.066,0.033,0.033,0.133,0.033,0.0,0.066,0.033,0.033,0.066,0.166,Psi_Site_Chen_MathFeature_Latest_5_0_10_5_1
P3,0.033,0.033,0.066,0.133,0.066,0.166,0.0,0.066,0.0,0.0,0.0,0.066,0.133,0.1,0.033,0.066,Psi_Site_Chen_MathFeature_Latest_5_0_10_5_1
P4,0.017,0.033,0.066,0.033,0.033,0.033,0.0,0.066,0.066,0.0,0.0,0.133,0.033,0.066,0.133,0.266,Psi_Site_Chen_MathFeature_Latest_5_0_10_5_1
P5,0.052,0.066,0.066,0.1,0.066,0.066,0.033,0.0,0.066,0.033,0.033,0.066,0.066,0.0,0.066,0.166,Psi_Site_Chen_MathFeature_Latest_5_0_10_5_1
P6,0.016,0.133,0.0,0.033,0.066,0.166,0.133,0.066,0.0,0.1,0.0,0.066,0.133,0.0,0.033,0.033,Psi_Site_Chen_MathFeature_Latest_5_0_10_5_1
P7,0.058,0.066,0.0,0.133,0.066,0.066,0.1,0.033,0.033,0.066,0.0,0.033,0.1,0.033,0.066,0.066,Psi_Site_Chen_MathFeature_Latest_5_0_10_5_1
P8,0.0,0.133,0.0,0.0,0.033,0.133,0.166,0.033,0.033,0.133,0.033,0.066,0.033,0.0,0.066,0.133,Psi_Site_Chen_MathFeature_Latest_5_0_10_5_1
P9,0.017,0.1,0.033,0.1,0.066,0.033,0.066,0.1,0.033,0.033,0.033,0.033,0.133,0.066,0.033,0.1,Psi_Site_Chen_MathFeature_Latest_5_0_10_5_1
P10,0.016,0.1,0.066,0.033,0.133,0.2,0.066,0.066,0.0,0.133,0.0,0.0,0.033,0.033,0.033,0.066,Psi_Site_Chen_MathFeature_Latest_5_0_10_5_1
P11,0.043,0.066,0.1,0.066,0.033,0.066,0.033,0.033,0.133,0.0,0.1,0.066,0.066,0.033,0.066,0.033,Psi_Site_Chen_MathFeature_Latest_5_0_10_5_1
P12,0.0,0.066,0.0,0.066,0.033,0.033,0.133,0.0,0.033,0.066,0.133,0.133,0.033,0.033,0.1,0.133,Psi_Site_Chen_MathFeature_Latest_5_0_10_5_1
P13,0.0,0.033,0.033,0.066,0.0,0.0,0.033,0.133,0.033,0.033,0.066,0.133,0.066,0.1,0.166,0.1,Psi_Site_Chen_MathFeature_Latest_5_0_10_5_1
P14,0.019,0.033,0.1,0.0,0.033,0.066,0.1,0.033,0.033,0.033,0.066,0.2,0.033,0.1,0.066,0.066,Psi_Site_Chen_MathFeature_Latest_5_0_10_5_1
P15,0.019,0.033,0.0,0.1,0.066,0.066,0.033,0.066,0.033,0.033,0.0,0.033,0.033,0.1,0.066,0.3,Psi_Site_Chen_MathFeature_Latest_5_0_10_5_1
P16,0.038,0.1,0.0,0.066,0.066,0.166,0.1,0.066,0.0,0.1,0.033,0.033,0.066,0.066,0.033,0.033,Psi_Site_Chen_MathFeature_Latest_5_0_10_5_1
P17,0.075,0.033,0.033,0.166,0.033,0.0,0.033,0.066,0.066,0.0,0.0,0.066,0.133,0.1,0.1,0.033,Psi_Site_Chen_MathFeature_Latest_5_0_10_5_1
P18,0.054,0.066,0.066,0.033,0.0,0.0,0.033,0.066,0.066,0.0,0.033,0.133,0.133,0.033,0.1,0.133,Psi_Site_Chen_MathFeature_Latest_5_0_10_5_1
P19,0.063,0.133,0.1,0.0,0.166,0.1,0.033,0.033,0.033,0.1,0.066,0.033,0.066,0.0,0.0,0.0,Psi_Site_Chen_MathFeature_Latest_5_0_10_5_1
P20,0.051,0.066,0.1,0.033,0.1,0.033,0.0,0.033,0.066,0.066,0.133,0.066,0.033,0.0,0.1,0.066,Psi_Site_Chen_MathFeature_Latest_5_0_10_5_1
P21,0.0,0.133,0.0,0.1,0.0,0.033,0.1,0.1,0.133,0.1,0.0,0.0,0.1,0.0,0.133,0.066,Psi_Site_Chen_MathFeature_Latest_5_0_10_5_1
P22,0.0,0.066,0.0,0.033,0.033,0.066,0.133,0.166,0.066,0.066,0.033,0.033,0.0,0.2,0.033,0.066,Psi_Site_Chen_MathFeature_Latest_5_0_10_5_1
P23,0.018,0.033,0.033,0.1,0.033,0.1,0.133,0.033,0.033,0.066,0.033,0.066,0.1,0.1,0.033,0.066,Psi_Site_Chen_MathFeature_Latest_5_0_10_5_1
P24,0.017,0.0,0.033,0.1,0.1,0.133,0.033,0.033,0.0,0.1,0.066,0.033,0.066,0.066,0.066,0.133,Psi_Site_Chen_MathFeature_Latest_5_0_10_5_1
P25,0.0,0.033,0.033,0.033,0.0,0.066,0.166,0.1,0.1,0.1,0.0,0.033,0.0,0.133,0.066,0.133,Psi_Site_Chen_MathFeature_Latest_5_0_10_5_1
P26,0.015,0.066,0.066,0.0,0.066,0.266,0.066,0.1,0.0,0.1,0.066,0.033,0.066,0.033,0.033,0.0,Psi_Site_Chen_MathFeature_Latest_5_0_10_5_1
P27,0.0,0.033,0.033,0.033,0.033,0.3,0.0,0.1,0.0,0.066,0.033,0.033,0.066,0.033,0.1,0.133,Psi_Site_Chen_MathFeature_Latest_5_0_10_5_1
P28,0.0,0.1,0.033,0.066,0.133,0.166,0.066,0.0,0.033,0.1,0.033,0.033,0.0,0.033,0.066,0.133,Psi_Site_Chen_MathFeature_Latest_5_0_10_5_1
P29,0.015,0.066,0.066,0.033,0.066,0.133,0.0,0.1,0.033,0.033,0.033,0.1,0.066,0.066,0.1,0.066,Psi_Site_Chen_MathFeature_Latest_5_0_10_5_1
P30,0.061,0.1,0.0,0.1,0.066,0.1,0.066,0.1,0.033,0.033,0.0,0.066,0.066,0.1,0.066,0.0,Psi_Site_Chen_MathFeature_Latest_5_0_10_5_1
P31,0.015,0.033,0.133,0.1,0.1,0.0,0.0,0.0,0.1,0.066,0.1,0.033,0.1,0.0,0.066,0.133,Psi_Site_Chen_MathFeature_Latest_5_0_10_5_1
P32,0.0,0.033,0.033,0.066,0.133,0.1,0.033,0.1,0.0,0.066,0.0,0.033,0.0,0.166,0.066,0.166,Psi_Site_Chen_MathFeature_Latest_5_0_10_5_1
P33,0.051,0.1,0.033,0.1,0.066,0.033,0.066,0.033,0.033,0.033,0.033,0.066,0.1,0.033,0.066,0.1,Psi_Site_Chen_MathFeature_Latest_5_0_10_5_1
P34,0.0,0.033,0.1,0.066,0.033,0.033,0.033,0.033,0.133,0.033,0.1,0.1,0.033,0.033,0.166,0.066,Psi_Site_Chen_MathFeature_Latest_5_0_10_5_1
P35,0.048,0.033,0.0,0.166,0.066,0.033,0.033,0.033,0.033,0.066,0.033,0.1,0.1,0.0,0.166,0.033,Psi_Site_Chen_MathFeature_Latest_5_0_10_5_1
P36,0.016,0.066,0.0,0.066,0.033,0.066,0.033,0.2,0.033,0.066,0.033,0.0,0.066,0.133,0.066,0.1,Psi_Site_Chen_MathFeature_Latest_5_0_10_5_1
P37,0.018,0.033,0.066,0.066,0.0,0.0,0.033,0.133,0.033,0.033,0.066,0.033,0.133,0.1,0.033,0.2,Psi_Site_Chen_MathFeature_Latest_5_0_10_5_1
P38,0.0,0.033,0.033,0.033,0.0,0.1,0.033,0.133,0.0,0.1,0.033,0.1,0.1,0.033,0.133,0.133,Psi_Site_Chen_MathFeature_Latest_5_0_10_5_1
P39,0.0,0.0,0.033,0.1,0.033,0.0,0.033,0.1,0.033,0.133,0.133,0.033,0.1,0.033,0.133,0.1,Psi_Site_Chen_MathFeature_Latest_5_0_10_5_1
P40,0.015,0.033,0.066,0.1,0.1,0.066,0.066,0.066,0.033,0.066,0.033,0.066,0.066,0.166,0.0,0.033,Psi_Site_Chen_MathFeature_Latest_5_0_10_5_1
P41,0.0,0.066,0.0,0.033,0.066,0.166,0.1,0.133,0.0,0.066,0.0,0.033,0.066,0.133,0.0,0.133,Psi_Site_Chen_MathFeature_Latest_5_0_10_5_1
P42,0.055,0.033,0.066,0.033,0.066,0.066,0.033,0.1,0.033,0.066,0.133,0.0,0.033,0.1,0.033,0.1,Psi_Site_Chen_MathFeature_Latest_5_0_10_5_1
P43,0.017,0.0,0.066,0.066,0.066,0.033,0.1,0.066,0.033,0.066,0.033,0.1,0.066,0.166,0.0,0.1,Psi_Site_Chen_MathFeature_Latest_5_0_10_5_1
P44,0.0,0.066,0.066,0.0,0.066,0.133,0.0,0.133,0.0,0.033,0.0,0.1,0.066,0.066,0.1,0.166,Psi_Site_Chen_MathFeature_Latest_5_0_10_5_1
P45,0.055,0.133,0.1,0.033,0.1,0.0,0.0,0.066,0.133,0.033,0.066,0.033,0.0,0.033,0.1,0.033,Psi_Site_Chen_MathFeature_Latest_5_0_10_5_1
P46,0.04,0.0,0.066,0.1,0.0,0.066,0.033,0.066,0.1,0.066,0.2,0.0,0.066,0.0,0.066,0.066,Psi_Site_Chen_MathFeature_Latest_5_0_10_5_1
P47,0.0,0.066,0.033,0.0,0.0,0.033,0.033,0.133,0.033,0.033,0.1,0.166,0.066,0.066,0.133,0.1,Psi_Site_Chen_MathFeature_Latest_5_0_10_5_1
P48,0.047,0.066,0.066,0.033,0.066,0.233,0.066,0.0,0.033,0.066,0.133,0.033,0.066,0.0,0.0,0.033,Psi_Site_Chen_MathFeature_Latest_5_0_10_5_1
P49,0.028,0.066,0.066,0.1,0.066,0.033,0.066,0.1,0.066,0.1,0.033,0.033,0.066,0.066,0.066,0.0,Psi_Site_Chen_MathFeature_Latest_5_0_10_5_1
P50,0.015,0.1,0.0,0.066,0.1,0.166,0.133,0.033,0.0,0.1,0.033,0.066,0.066,0.033,0.033,0.033,Psi_Site_Chen_MathFeature_Latest_5_0_10_5_1
P51,0.0,0.033,0.0,0.1,0.033,0.0,0.1,0.066,0.033,0.133,0.1,0.066,0.066,0.033,0.1,0.133,Psi_Site_Chen_MathFeature_Latest_5_0_10_5_1
P52,0.052,0.033,0.033,0.1,0.0,0.033,0.066,0.033,0.1,0.0,0.133,0.1,0.1,0.033,0.1,0.0,Psi_Site_Chen_MathFeature_Latest_5_0_10_5_1
P53,0.0,0.066,0.033,0.133,0.066,0.1,0.033,0.033,0.066,0.0,0.066,0.033,0.1,0.033,0.033,0.2,Psi_Site_Chen_MathFeature_Latest_5_0_10_5_1
P54,0.0,0.033,0.066,0.0,0.033,0.1,0.0,0.033,0.0,0.033,0.066,0.166,0.066,0.0,0.133,0.266,Psi_Site_Chen_MathFeature_Latest_5_0_10_5_1
P55,0.018,0.033,0.066,0.233,0.066,0.0,0.0,0.066,0.0,0.033,0.0,0.066,0.3,0.033,0.033,0.033,Psi_Site_Chen_MathFeature_Latest_5_0_10_5_1
P56,0.0,0.0,0.1,0.066,0.1,0.1,0.066,0.066,0.0,0.1,0.0,0.033,0.066,0.1,0.0,0.2,Psi_Site_Chen_MathFeature_Latest_5_0_10_5_1
P57,0.033,0.033,0.0,0.066,0.066,0.033,0.0,0.1,0.0,0.033,0.0,0.033,0.033,0.133,0.066,0.333,Psi_Site_Chen_MathFeature_Latest_5_0_10_5_1
P58,0.015,0.033,0.066,0.1,0.066,0.133,0.033,0.033,0.033,0.033,0.0,0.1,0.1,0.066,0.066,0.1,Psi_Site_Chen_MathFeature_Latest_5_0_10_5_1
P59,0.018,0.033,0.1,0.066,0.0,0.0,0.033,0.066,0.033,0.0,0.033,0.133,0.166,0.066,0.033,0.2,Psi_Site_Chen_MathFeature_Latest_5_0_10_5_1
P60,0.033,0.0,0.1,0.066,0.066,0.1,0.033,0.066,0.033,0.1,0.066,0.033,0.033,0.1,0.033,0.1,Psi_Site_Chen_MathFeature_Latest_5_0_10_5_1
P61,0.027,0.166,0.033,0.066,0.066,0.066,0.033,0.033,0.133,0.0,0.1,0.033,0.033,0.0,0.1,0.066,Psi_Site_Chen_MathFeature_Latest_5_0_10_5_1
P62,0.018,0.1,0.066,0.066,0.066,0.066,0.1,0.033,0.133,0.066,0.033,0.033,0.0,0.033,0.066,0.1,Psi_Site_Chen_MathFeature_Latest_5_0_10_5_1
P63,0.0,0.1,0.033,0.066,0.133,0.166,0.033,0.066,0.0,0.033,0.066,0.033,0.066,0.066,0.0,0.133,Psi_Site_Chen_MathFeature_Latest_5_0_10_5_1
P64,0.056,0.0,0.033,0.133,0.066,0.0,0.0,0.1,0.0,0.033,0.0,0.066,0.133,0.1,0.066,0.166,Psi_Site_Chen_MathFeature_Latest_5_0_10_5_1
P65,0.014,0.033,0.066,0.066,0.033,0.1,0.066,0.066,0.1,0.066,0.0,0.1,0.066,0.066,0.1,0.033,Psi_Site_Chen_MathFeature_Latest_5_0_10_5_1
P66,0.03,0.133,0.0,0.066,0.066,0.033,0.033,0.1,0.066,0.066,0.133,0.0,0.066,0.033,0.066,0.066,Psi_Site_Chen_MathFeature_Latest_5_0_10_5_1
P67,0.056,0.066,0.133,0.1,0.066,0.033,0.0,0.066,0.1,0.066,0.033,0.033,0.1,0.0,0.066,0.033,Psi_Site_Chen_MathFeature_Latest_5_0_10_5_1
P68,0.017,0.066,0.066,0.033,0.1,0.066,0.0,0.133,0.033,0.1,0.033,0.033,0.033,0.1,0.066,0.1,Psi_Site_Chen_MathFeature_Latest_5_0_10_5_1
P69,0.035,0.1,0.0,0.033,0.0,0.0,0.066,0.233,0.033,0.0,0.0,0.066,0.1,0.166,0.033,0.1,Psi_Site_Chen_MathFeature_Latest_5_0_10_5_1
P70,0.0,0.033,0.0,0.066,0.033,0.1,0.1,0.033,0.033,0.133,0.166,0.033,0.033,0.033,0.1,0.1,Psi_Site_Chen_MathFeature_Latest_5_0_10_5_1
P71,0.0,0.1,0.066,0.033,0.033,0.033,0.066,0.1,0.066,0.066,0.0,0.066,0.133,0.033,0.066,0.133,Psi_Site_Chen_MathFeature_Latest_5_0_10_5_1
P72,0.073,0.066,0.033,0.033,0.033,0.133,0.033,0.133,0.0,0.0,0.0,0.033,0.1,0.133,0.0,0.133,Psi_Site_Chen_MathFeature_Latest_5_0_10_5_1
P73,0.045,0.1,0.033,0.066,0.0,0.033,0.0,0.1,0.033,0.0,0.0,0.1,0.166,0.0,0.066,0.2,Psi_Site_Chen_MathFeature_Latest_5_0_10_5_1
P74,0.0,0.033,0.066,0.133,0.033,0.066,0.066,0.066,0.066,0.1,0.066,0.0,0.1,0.033,0.033,0.133,Psi_Site_Chen_MathFeature_Latest_5_0_10_5_1
P75,0.014,0.166,0.0,0.033,0.133,0.166,0.066,0.066,0.0,0.033,0.0,0.066,0.1,0.033,0.033,0.066,Psi_Site_Chen_MathFeature_Latest_5_0_10_5_1
P76,0.0,0.066,0.033,0.066,0.133,0.133,0.066,0.033,0.0,0.133,0.033,0.033,0.066,0.033,0.033,0.133,Psi_Site_Chen_MathFeature_Latest_5_0_10_5_1
P77,0.03,0.033,0.133,0.1,0.1,0.066,0.0,0.066,0.033,0.1,0.0,0.033,0.133,0.033,0.033,0.066,Psi_Site_Chen_MathFeature_Latest_5_0_10_5_1
P78,0.014,0.0,0.066,0.066,0.0,0.033,0.133,0.066,0.1,0.133,0.033,0.066,0.033,0.066,0.1,0.066,Psi_Site_Chen_MathFeature_Latest_5_0_10_5_1
P79,0.017,0.0,0.033,0.166,0.066,0.1,0.066,0.033,0.0,0.066,0.0,0.033,0.133,0.1,0.033,0.133,Psi_Site_Chen_MathFeature_Latest_5_0_10_5_1
P80,0.0,0.166,0.0,0.033,0.1,0.1,0.033,0.2,0.033,0.033,0.0,0.033,0.066,0.133,0.066,0.0,Psi_Site_Chen_MathFeature_Latest_5_0_10_5_1
P81,0.018,0.2,0.033,0.033,0.166,0.166,0.033,0.033,0.0,0.0,0.0,0.1,0.1,0.033,0.033,0.033,Psi_Site_Chen_MathFeature_Latest_5_0_10_5_1
P82,0.085,0.133,0.033,0.1,0.133,0.1,0.0,0.1,0.0,0.0,0.0,0.033,0.1,0.1,0.0,0.033,Psi_Site_Chen_MathFeature_Latest_5_0_10_5_1
P83,0.017,0.033,0.033,0.133,0.1,0.033,0.0,0.066,0.0,0.033,0.0,0.1,0.066,0.1,0.1,0.166,Psi_Site_Chen_MathFeature_Latest_5_0_10_5_1
P84,0.039,0.033,0.033,0.166,0.0,0.066,0.066,0.033,0.1,0.033,0.066,0.033,0.133,0.033,0.066,0.033,Psi_Site_Chen_MathFeature_Latest_5_0_10_5_1
P85,0.016,0.133,0.0,0.1,0.1,0.033,0.033,0.033,0.033,0.033,0.066,0.1,0.1,0.033,0.1,0.066,Psi_Site_Chen_MathFeature_Latest_5_0_10_5_1
P86,0.013,0.1,0.0,0.0,0.0,0.333,0.133,0.033,0.033,0.066,0.033,0.033,0.066,0.0,0.0,0.133,Psi_Site_Chen_MathFeature_Latest_5_0_10_5_1
P87,0.016,0.133,0.033,0.066,0.1,0.066,0.0,0.133,0.0,0.0,0.0,0.033,0.133,0.1,0.0,0.166,Psi_Site_Chen_MathFeature_Latest_5_0_10_5_1
P88,0.077,0.1,0.1,0.066,0.133,0.0,0.033,0.066,0.0,0.1,0.0,0.033,0.1,0.033,0.0,0.066,Psi_Site_Chen_MathFeature_Latest_5_0_10_5_1
P89,0.017,0.033,0.033,0.066,0.1,0.233,0.0,0.133,0.0,0.033,0.033,0.0,0.066,0.133,0.0,0.1,Psi_Site_Chen_MathFeature_Latest_5_0_10_5_1
P90,0.0,0.066,0.033,0.0,0.033,0.0,0.133,0.1,0.066,0.1,0.066,0.1,0.0,0.1,0.1,0.1,Psi_Site_Chen_MathFeature_Latest_5_0_10_5_1
P91,0.0,0.033,0.0,0.033,0.0,0.2,0.133,0.066,0.0,0.1,0.133,0.066,0.066,0.066,0.066,0.033,Psi_Site_Chen_MathFeature_Latest_5_0_10_5_1
P92,0.0,0.0,0.133,0.0,0.033,0.133,0.1,0.066,0.066,0.133,0.1,0.1,0.033,0.066,0.033,0.0,Psi_Site_Chen_MathFeature_Latest_5_0_10_5_1
P93,0.019,0.1,0.033,0.066,0.1,0.166,0.0,0.133,0.0,0.066,0.0,0.033,0.1,0.066,0.066,0.033,Psi_Site_Chen_MathFeature_Latest_5_0_10_5_1
P94,0.0,0.1,0.066,0.066,0.133,0.033,0.0,0.033,0.033,0.066,0.066,0.1,0.033,0.033,0.133,0.1,Psi_Site_Chen_MathFeature_Latest_5_0_10_5_1
P95,0.034,0.033,0.033,0.066,0.033,0.033,0.033,0.033,0.033,0.033,0.066,0.133,0.066,0.033,0.133,0.166,Psi_Site_Chen_MathFeature_Latest_5_0_10_5_1
P96,0.017,0.066,0.033,0.066,0.066,0.2,0.166,0.033,0.033,0.133,0.0,0.033,0.066,0.066,0.0,0.0,Psi_Site_Chen_MathFeature_Latest_5_0_10_5_1
P97,0.034,0.1,0.066,0.066,0.066,0.0,0.066,0.033,0.066,0.066,0.1,0.066,0.066,0.0,0.066,0.1,Psi_Site_Chen_MathFeature_Latest_5_0_10_5_1
P98,0.013,0.066,0.033,0.066,0.033,0.033,0.166,0.066,0.066,0.1,0.033,0.0,0.033,0.1,0.0,0.166,Psi_Site_Chen_MathFeature_Latest_5_0_10_5_1
P99,0.047,0.1,0.133,0.066,0.1,0.0,0.0,0.1,0.033,0.066,0.0,0.033,0.166,0.033,0.0,0.066,Psi_Site_Chen_MathFeature_Latest_5_0_10_5_1
P100,0.016,0.0,0.033,0.033,0.0,0.033,0.033,0.166,0.0,0.066,0.033,0.1,0.066,0.133,0.1,0.166,Psi_Site_Chen_MathFeature_Latest_5_0_10_5_1
P101,0.058,0.0,0.033,0.033,0.033,0.1,0.066,0.133,0.0,0.133,0.0,0.033,0.0,0.1,0.1,0.133,Psi_Site_Chen_MathFeature_Latest_5_0_10_5_1
P102,0.0,0.033,0.066,0.0,0.033,0.1,0.1,0.1,0.033,0.1,0.066,0.1,0.033,0.1,0.066,0.066,Psi_Site_Chen_MathFeature_Latest_5_0_10_5_1
P103,0.045,0.066,0.066,0.033,0.066,0.066,0.0,0.066,0.066,0.066,0.0,0.1,0.033,0.0,0.166,0.133,Psi_Site_Chen_MathFeature_Latest_5_0_10_5_1
P104,0.049,0.266,0.0,0.033,0.2,0.1,0.033,0.1,0.0,0.033,0.0,0.0,0.1,0.033,0.0,0.0,Psi_Site_Chen_MathFeature_Latest_5_0_10_5_1
P105,0.069,0.033,0.033,0.1,0.066,0.066,0.033,0.1,0.033,0.033,0.0,0.066,0.033,0.133,0.066,0.066,Psi_Site_Chen_MathFeature_Latest_5_0_10_5_1
P106,0.0,0.066,0.033,0.066,0.066,0.133,0.066,0.1,0.0,0.1,0.0,0.033,0.066,0.066,0.033,0.166,Psi_Site_Chen_MathFeature_Latest_5_0_10_5_1
P107,0.089,0.066,0.033,0.066,0.066,0.066,0.066,0.033,0.033,0.066,0.033,0.033,0.066,0.033,0.066,0.133,Psi_Site_Chen_MathFeature_Latest_5_0_10_5_1
P108,0.084,0.1,0.0,0.1,0.066,0.033,0.033,0.1,0.033,0.0,0.033,0.0,0.1,0.1,0.0,0.133,Psi_Site_Chen_MathFeature_Latest_5_0_10_5_1
P109,0.017,0.066,0.066,0.033,0.033,0.1,0.066,0.1,0.033,0.066,0.1,0.066,0.1,0.033,0.066,0.033,Psi_Site_Chen_MathFeature_Latest_5_0_10_5_1
P110,0.0,0.033,0.0,0.033,0.033,0.266,0.1,0.1,0.0,0.066,0.0,0.033,0.0,0.166,0.0,0.166,Psi_Site_Chen_MathFeature_Latest_5_0_10_5_1
P111,0.0,0.1,0.033,0.0,0.033,0.1,0.0,0.166,0.0,0.066,0.0,0.1,0.1,0.033,0.133,0.133,Psi_Site_Chen_MathFeature_Latest_5_0_10_5_1
P112,0.0,0.066,0.0,0.1,0.033,0.166,0.033,0.066,0.033,0.0,0.0,0.033,0.1,0.1,0.033,0.233,Psi_Site_Chen_MathFeature_Latest_5_0_10_5_1
P113,0.016,0.066,0.033,0.0,0.066,0.233,0.033,0.133,0.0,0.066,0.066,0.033,0.066,0.066,0.033,0.066,Psi_Site_Chen_MathFeature_Latest_5_0_10_5_1
P114,0.0,0.0,0.033,0.033,0.033,0.133,0.1,0.133,0.033,0.166,0.0,0.066,0.033,0.066,0.133,0.033,Psi_Site_Chen_MathFeature_Latest_5_0_10_5_1
P115,0.0,0.033,0.066,0.066,0.066,0.033,0.066,0.1,0.033,0.033,0.0,0.066,0.066,0.166,0.0,0.2,Psi_Site_Chen_MathFeature_Latest_5_0_10_5_1
P116,0.03,0.033,0.066,0.066,0.1,0.0,0.0,0.066,0.0,0.033,0.066,0.066,0.033,0.1,0.066,0.233,Psi_Site_Chen_MathFeature_Latest_5_0_10_5_1
P117,0.06,0.1,0.033,0.066,0.0,0.0,0.0,0.133,0.033,0.066,0.0,0.066,0.166,0.0,0.1,0.1,Psi_Site_Chen_MathFeature_Latest_5_0_10_5_1
P118,0.02,0.066,0.033,0.033,0.033,0.033,0.133,0.1,0.033,0.133,0.033,0.066,0.066,0.066,0.1,0.033,Psi_Site_Chen_MathFeature_Latest_5_0_10_5_1
P119,0.0,0.166,0.066,0.066,0.2,0.1,0.0,0.1,0.066,0.033,0.0,0.0,0.066,0.1,0.0,0.033,Psi_Site_Chen_MathFeature_Latest_5_0_10_5_1
P120,0.047,0.033,0.133,0.033,0.1,0.0,0.0,0.033,0.033,0.033,0.066,0.1,0.1,0.033,0.033,0.166,Psi_Site_Chen_MathFeature_Latest_5_0_10_5_1
P121,0.0,0.033,0.0,0.0,0.033,0.133,0.133,0.033,0.0,0.066,0.066,0.133,0.0,0.066,0.066,0.233,Psi_Site_Chen_MathFeature_Latest_5_0_10_5_1
P122,0.0,0.066,0.033,0.066,0.1,0.066,0.033,0.033,0.033,0.066,0.066,0.133,0.033,0.033,0.166,0.066,Psi_Site_Chen_MathFeature_Latest_5_0_10_5_1
P123,0.033,0.033,0.133,0.1,0.133,0.033,0.0,0.0,0.1,0.033,0.0,0.033,0.033,0.066,0.066,0.166,Psi_Site_Chen_MathFeature_Latest_5_0_10_5_1
P124,0.033,0.1,0.033,0.066,0.1,0.0,0.0,0.033,0.033,0.0,0.133,0.1,0.033,0.033,0.1,0.166,Psi_Site_Chen_MathFeature_Latest_5_0_10_5_1
P125,0.013,0.033,0.066,0.1,0.066,0.1,0.0,0.066,0.033,0.033,0.133,0.033,0.1,0.066,0.033,0.1,Psi_Site_Chen_MathFeature_Latest_5_0_10_5_1
P126,0.018,0.033,0.1,0.1,0.1,0.066,0.0,0.1,0.066,0.066,0.1,0.033,0.066,0.1,0.033,0.0,Psi_Site_Chen_MathFeature_Latest_5_0_10_5_1
P127,0.017,0.0,0.066,0.066,0.0,0.133,0.033,0.133,0.0,0.166,0.033,0.033,0.133,0.033,0.1,0.033,Psi_Site_Chen_MathFeature_Latest_5_0_10_5_1
P128,0.018,0.033,0.033,0.1,0.1,0.066,0.033,0.066,0.0,0.1,0.033,0.066,0.066,0.1,0.1,0.066,Psi_Site_Chen_MathFeature_Latest_5_0_10_5_1
P129,0.0,0.066,0.0,0.066,0.033,0.033,0.2,0.066,0.0,0.1,0.033,0.133,0.1,0.133,0.033,0.0,Psi_Site_Chen_MathFeature_Latest_5_0_10_5_1
P130,0.0,0.0,0.033,0.1,0.1,0.1,0.1,0.0,0.033,0.166,0.166,0.066,0.0,0.033,0.1,0.0,Psi_Site_Chen_MathFeature_Latest_5_0_10_5_1
P131,0.016,0.033,0.033,0.066,0.033,0.133,0.0,0.066,0.033,0.066,0.1,0.1,0.066,0.0,0.133,0.1,Psi_Site_Chen_MathFeature_Latest_5_0_10_5_1
P132,0.016,0.033,0.066,0.0,0.066,0.133,0.1,0.0,0.0,0.066,0.1,0.133,0.033,0.066,0.033,0.133,Psi_Site_Chen_MathFeature_Latest_5_0_10_5_1
P133,0.017,0.066,0.033,0.066,0.066,0.066,0.033,0.033,0.0,0.066,0.1,0.033,0.1,0.0,0.066,0.233,Psi_Site_Chen_MathFeature_Latest_5_0_10_5_1
P134,0.03,0.166,0.0,0.033,0.066,0.3,0.1,0.0,0.033,0.033,0.0,0.033,0.066,0.0,0.0,0.1,Psi_Site_Chen_MathFeature_Latest_5_0_10_5_1
P135,0.029,0.066,0.066,0.033,0.066,0.033,0.0,0.1,0.033,0.0,0.1,0.066,0.066,0.1,0.033,0.166,Psi_Site_Chen_MathFeature_Latest_5_0_10_5_1
P136,0.016,0.166,0.066,0.1,0.133,0.033,0.066,0.066,0.1,0.033,0.033,0.0,0.1,0.066,0.0,0.0,Psi_Site_Chen_MathFeature_Latest_5_0_10_5_1
P137,0.03,0.066,0.033,0.1,0.066,0.0,0.1,0.033,0.033,0.166,0.1,0.0,0.1,0.0,0.033,0.1,Psi_Site_Chen_MathFeature_Latest_5_0_10_5_1
P138,0.018,0.0,0.033,0.133,0.033,0.1,0.033,0.033,0.066,0.1,0.1,0.0,0.1,0.0,0.066,0.166,Psi_Site_Chen_MathFeature_Latest_5_0_10_5_1
P139,0.0,0.1,0.0,0.033,0.066,0.166,0.166,0.033,0.033,0.133,0.033,0.066,0.033,0.033,0.066,0.033,Psi_Site_Chen_MathFeature_Latest_5_0_10_5_1
P140,0.0,0.0,0.0,0.066,0.0,0.066,0.166,0.033,0.033,0.033,0.0,0.2,0.033,0.133,0.1,0.133,Psi_Site_Chen_MathFeature_Latest_5_0_10_5_1
P141,0.031,0.1,0.033,0.1,0.133,0.166,0.0,0.066,0.0,0.066,0.0,0.033,0.066,0.033,0.066,0.066,Psi_Site_Chen_MathFeature_Latest_5_0_10_5_1
P142,0.016,0.1,0.0,0.0,0.1,0.066,0.066,0.166,0.0,0.033,0.0,0.066,0.033,0.166,0.033,0.133,Psi_Site_Chen_MathFeature_Latest_5_0_10_5_1
P143,0.013,0.033,0.033,0.066,0.033,0.033,0.066,0.066,0.033,0.066,0.066,0.033,0.066,0.066,0.033,0.266,Psi_Site_Chen_MathFeature_Latest_5_0_10_5_1
P144,0.052,0.033,0.066,0.0,0.0,0.033,0.0,0.133,0.0,0.033,0.0,0.1,0.133,0.066,0.033,0.266,Psi_Site_Chen_MathFeature_Latest_5_0_10_5_1
P145,0.03,0.0,0.033,0.1,0.0,0.033,0.133,0.033,0.066,0.0,0.0,0.166,0.066,0.166,0.033,0.1,Psi_Site_Chen_MathFeature_Latest_5_0_10_5_1
P146,0.016,0.033,0.066,0.066,0.1,0.166,0.166,0.0,0.033,0.133,0.0,0.033,0.033,0.066,0.0,0.066,Psi_Site_Chen_MathFeature_Latest_5_0_10_5_1
P147,0.014,0.033,0.066,0.033,0.0,0.033,0.0,0.1,0.033,0.033,0.133,0.066,0.1,0.033,0.1,0.2,Psi_Site_Chen_MathFeature_Latest_5_0_10_5_1
P148,0.02,0.1,0.0,0.1,0.066,0.066,0.066,0.066,0.0,0.033,0.1,0.1,0.133,0.066,0.033,0.033,Psi_Site_Chen_MathFeature_Latest_5_0_10_5_1
P149,0.038,0.1,0.0,0.066,0.033,0.0,0.1,0.033,0.1,0.0,0.033,0.1,0.066,0.066,0.1,0.133,Psi_Site_Chen_MathFeature_Latest_5_0_10_5_1
P150,0.0,0.1,0.066,0.0,0.1,0.2,0.066,0.066,0.0,0.133,0.033,0.066,0.033,0.033,0.066,0.033,Psi_Site_Chen_MathFeature_Latest_5_0_10_5_1
P151,0.038,0.1,0.0,0.066,0.033,0.066,0.033,0.1,0.0,0.033,0.0,0.066,0.133,0.033,0.066,0.2,Psi_Site_Chen_MathFeature_Latest_5_0_10_5_1
P152,0.07,0.066,0.0,0.133,0.033,0.133,0.033,0.066,0.066,0.0,0.0,0.0,0.1,0.066,0.033,0.133,Psi_Site_Chen_MathFeature_Latest_5_0_10_5_1
P153,0.015,0.133,0.033,0.033,0.1,0.2,0.1,0.033,0.033,0.033,0.033,0.066,0.066,0.066,0.033,0.0,Psi_Site_Chen_MathFeature_Latest_5_0_10_5_1
P154,0.032,0.1,0.0,0.033,0.133,0.1,0.0,0.166,0.0,0.033,0.0,0.0,0.033,0.166,0.033,0.133,Psi_Site_Chen_MathFeature_Latest_5_0_10_5_1
P155,0.094,0.2,0.0,0.066,0.066,0.033,0.033,0.1,0.033,0.0,0.0,0.0,0.166,0.033,0.0,0.066,Psi_Site_Chen_MathFeature_Latest_5_0_10_5_1
P156,0.0,0.0,0.0,0.033,0.0,0.033,0.033,0.166,0.0,0.033,0.033,0.166,0.033,0.166,0.166,0.133,Psi_Site_Chen_MathFeature_Latest_5_0_10_5_1
P157,0.017,0.066,0.066,0.066,0.033,0.0,0.033,0.033,0.066,0.0,0.0,0.066,0.1,0.0,0.033,0.4,Psi_Site_Chen_MathFeature_Latest_5_0_10_5_1
P158,0.096,0.066,0.1,0.066,0.1,0.066,0.033,0.0,0.033,0.066,0.033,0.1,0.066,0.033,0.066,0.0,Psi_Site_Chen_MathFeature_Latest_5_0_10_5_1
P159,0.014,0.0,0.033,0.166,0.1,0.0,0.0,0.033,0.066,0.033,0.033,0.033,0.066,0.1,0.066,0.233,Psi_Site_Chen_MathFeature_Latest_5_0_10_5_1
P160,0.038,0.066,0.0,0.033,0.0,0.066,0.1,0.066,0.0,0.066,0.133,0.066,0.1,0.066,0.033,0.133,Psi_Site_Chen_MathFeature_Latest_5_0_10_5_1
P161,0.018,0.1,0.033,0.1,0.1,0.166,0.033,0.066,0.0,0.1,0.033,0.033,0.133,0.0,0.066,0.0,Psi_Site_Chen_MathFeature_Latest_5_0_10_5_1
P162,0.042,0.066,0.0,0.1,0.066,0.066,0.0,0.133,0.033,0.033,0.033,0.0,0.1,0.1,0.066,0.1,Psi_Site_Chen_MathFeature_Latest_5_0_10_5_1
P163,0.0,0.0,0.033,0.066,0.0,0.066,0.066,0.066,0.033,0.066,0.133,0.133,0.066,0.066,0.1,0.1,Psi_Site_Chen_MathFeature_Latest_5_0_10_5_1
P164,0.015,0.066,0.1,0.033,0.133,0.133,0.066,0.033,0.0,0.1,0.066,0.066,0.066,0.066,0.0,0.033,Psi_Site_Chen_MathFeature_Latest_5_0_10_5_1
P165,0.058,0.1,0.066,0.033,0.133,0.066,0.033,0.0,0.033,0.033,0.033,0.1,0.033,0.0,0.066,0.133,Psi_Site_Chen_MathFeature_Latest_5_0_10_5_1
P166,0.0,0.066,0.0,0.1,0.133,0.066,0.033,0.066,0.033,0.0,0.066,0.1,0.0,0.133,0.133,0.066,Psi_Site_Chen_MathFeature_Latest_5_0_10_5_1
P167,0.021,0.033,0.0,0.066,0.033,0.2,0.033,0.133,0.0,0.133,0.0,0.0,0.066,0.033,0.1,0.133,Psi_Site_Chen_MathFeature_Latest_5_0_10_5_1
P168,0.0,0.0,0.0,0.0,0.0,0.366,0.033,0.266,0.0,0.0,0.0,0.0,0.0,0.266,0.0,0.066,Psi_Site_Chen_MathFeature_Latest_5_0_10_5_1
P169,0.017,0.1,0.033,0.133,0.1,0.066,0.0,0.1,0.0,0.0,0.0,0.033,0.133,0.1,0.033,0.133,Psi_Site_Chen_MathFeature_Latest_5_0_10_5_1
P170,0.028,0.033,0.066,0.133,0.033,0.133,0.033,0.066,0.066,0.033,0.0,0.033,0.133,0.066,0.033,0.066,Psi_Site_Chen_MathFeature_Latest_5_0_10_5_1
P171,0.018,0.033,0.0,0.1,0.1,0.133,0.033,0.066,0.0,0.066,0.033,0.033,0.033,0.133,0.066,0.133,Psi_Site_Chen_MathFeature_Latest_5_0_10_5_1
P172,0.038,0.066,0.0,0.133,0.1,0.133,0.033,0.033,0.0,0.033,0.033,0.0,0.066,0.066,0.0,0.233,Psi_Site_Chen_MathFeature_Latest_5_0_10_5_1
P173,0.0,0.1,0.066,0.033,0.033,0.033,0.033,0.133,0.1,0.033,0.0,0.1,0.066,0.033,0.133,0.1,Psi_Site_Chen_MathFeature_Latest_5_0_10_5_1
P174,0.017,0.033,0.0,0.033,0.066,0.133,0.0,0.2,0.0,0.033,0.033,0.066,0.0,0.2,0.1,0.066,Psi_Site_Chen_MathFeature_Latest_5_0_10_5_1
P175,0.035,0.0,0.0,0.133,0.066,0.1,0.033,0.1,0.0,0.066,0.066,0.033,0.033,0.133,0.066,0.1,Psi_Site_Chen_MathFeature_Latest_5_0_10_5_1
P176,0.034,0.066,0.033,0.166,0.1,0.066,0.033,0.0,0.0,0.033,0.0,0.066,0.166,0.066,0.033,0.1,Psi_Site_Chen_MathFeature_Latest_5_0_10_5_1
P177,0.018,0.1,0.0,0.033,0.1,0.166,0.033,0.133,0.0,0.1,0.0,0.0,0.033,0.1,0.033,0.133,Psi_Site_Chen_MathFeature_Latest_5_0_10_5_1
P178,0.018,0.1,0.033,0.033,0.066,0.166,0.033,0.133,0.033,0.0,0.0,0.0,0.066,0.133,0.0,0.166,Psi_Site_Chen_MathFeature_Latest_5_0_10_5_1
P179,0.017,0.0,0.033,0.133,0.066,0.033,0.0,0.166,0.0,0.033,0.0,0.033,0.1,0.166,0.033,0.166,Psi_Site_Chen_MathFeature_Latest_5_0_10_5_1
P180,0.027,0.166,0.0,0.033,0.133,0.133,0.1,0.033,0.033,0.066,0.0,0.033,0.0,0.066,0.033,0.1,Psi_Site_Chen_MathFeature_Latest_5_0_10_5_1
P181,0.014,0.2,0.033,0.033,0.133,0.166,0.033,0.1,0.033,0.033,0.0,0.0,0.066,0.033,0.033,0.066,Psi_Site_Chen_MathFeature_Latest_5_0_10_5_1
P182,0.02,0.066,0.0,0.033,0.033,0.033,0.166,0.033,0.066,0.066,0.133,0.1,0.033,0.066,0.066,0.066,Psi_Site_Chen_MathFeature_Latest_5_0_10_5_1
P183,0.0,0.133,0.0,0.1,0.133,0.066,0.066,0.1,0.033,0.1,0.033,0.0,0.1,0.066,0.033,0.033,Psi_Site_Chen_MathFeature_Latest_5_0_10_5_1
P184,0.028,0.0,0.1,0.0,0.0,0.3,0.0,0.033,0.066,0.066,0.166,0.066,0.0,0.0,0.1,0.033,Psi_Site_Chen_MathFeature_Latest_5_0_10_5_1
P185,0.068,0.1,0.066,0.066,0.133,0.066,0.033,0.1,0.033,0.1,0.0,0.0,0.066,0.1,0.0,0.0,Psi_Site_Chen_MathFeature_Latest_5_0_10_5_1
P186,0.076,0.033,0.033,0.066,0.066,0.0,0.0,0.166,0.033,0.066,0.033,0.033,0.033,0.133,0.066,0.066,Psi_Site_Chen_MathFeature_Latest_5_0_10_5_1
P187,0.03,0.066,0.0,0.066,0.0,0.066,0.1,0.033,0.1,0.066,0.133,0.033,0.033,0.0,0.066,0.166,Psi_Site_Chen_MathFeature_Latest_5_0_10_5_1
P188,0.0,0.033,0.0,0.066,0.066,0.133,0.033,0.133,0.0,0.066,0.1,0.033,0.033,0.166,0.066,0.066,Psi_Site_Chen_MathFeature_Latest_5_0_10_5_1
P189,0.036,0.1,0.033,0.066,0.066,0.0,0.1,0.066,0.066,0.0,0.033,0.066,0.066,0.133,0.033,0.1,Psi_Site_Chen_MathFeature_Latest_5_0_10_5_1
P190,0.019,0.0,0.033,0.166,0.1,0.0,0.066,0.066,0.033,0.1,0.033,0.033,0.033,0.166,0.066,0.066,Psi_Site_Chen_MathFeature_Latest_5_0_10_5_1
P191,0.029,0.0,0.1,0.066,0.066,0.033,0.066,0.066,0.066,0.1,0.0,0.066,0.066,0.1,0.066,0.066,Psi_Site_Chen_MathFeature_Latest_5_0_10_5_1
P192,0.0,0.066,0.0,0.033,0.033,0.166,0.1,0.166,0.0,0.1,0.033,0.033,0.066,0.1,0.033,0.066,Psi_Site_Chen_MathFeature_Latest_5_0_10_5_1
P193,0.017,0.1,0.066,0.0,0.066,0.166,0.066,0.133,0.033,0.066,0.0,0.0,0.066,0.1,0.0,0.1,Psi_Site_Chen_MathFeature_Latest_5_0_10_5_1
P194,0.051,0.066,0.033,0.066,0.1,0.066,0.066,0.1,0.0,0.066,0.0,0.0,0.066,0.133,0.0,0.133,Psi_Site_Chen_MathFeature_Latest_5_0_10_5_1
P195,0.0,0.133,0.033,0.066,0.1,0.066,0.033,0.166,0.033,0.066,0.0,0.0,0.1,0.1,0.033,0.066,Psi_Site_Chen_MathFeature_Latest_5_0_10_5_1
P196,0.033,0.066,0.1,0.033,0.066,0.133,0.066,0.066,0.033,0.033,0.0,0.1,0.066,0.1,0.0,0.066,Psi_Site_Chen_MathFeature_Latest_5_0_10_5_1
P197,0.027,0.033,0.066,0.133,0.1,0.033,0.066,0.033,0.033,0.133,0.0,0.033,0.066,0.066,0.066,0.066,Psi_Site_Chen_MathFeature_Latest_5_0_10_5_1
P198,0.044,0.033,0.066,0.1,0.066,0.0,0.066,0.0,0.033,0.033,0.1,0.1,0.133,0.066,0.033,0.066,Psi_Site_Chen_MathFeature_Latest_5_0_10_5_1
P199,0.0,0.1,0.0,0.066,0.133,0.2,0.066,0.033,0.0,0.1,0.066,0.0,0.066,0.033,0.033,0.1,Psi_Site_Chen_MathFeature_Latest_5_0_10_5_1
P200,0.0,0.1,0.033,0.033,0.1,0.066,0.033,0.166,0.033,0.033,0.0,0.0,0.066,0.133,0.0,0.2,Psi_Site_Chen_MathFeature_Latest_5_0_10_5_1
P201,0.015,0.033,0.1,0.033,0.066,0.033,0.033,0.233,0.033,0.133,0.0,0.0,0.066,0.2,0.0,0.0,Psi_Site_Chen_MathFeature_Latest_5_0_10_5_1
P202,0.018,0.033,0.1,0.066,0.133,0.166,0.033,0.0,0.033,0.033,0.0,0.1,0.066,0.066,0.033,0.1,Psi_Site_Chen_MathFeature_Latest_5_0_10_5_1
P203,0.014,0.1,0.033,0.066,0.066,0.033,0.033,0.133,0.033,0.033,0.0,0.033,0.1,0.133,0.033,0.133,Psi_Site_Chen_MathFeature_Latest_5_0_10_5_1
P204,0.0,0.133,0.0,0.1,0.066,0.166,0.066,0.066,0.133,0.0,0.0,0.0,0.033,0.033,0.1,0.1,Psi_Site_Chen_MathFeature_Latest_5_0_10_5_1
P205,0.059,0.033,0.033,0.1,0.066,0.1,0.133,0.0,0.033,0.033,0.033,0.1,0.1,0.1,0.0,0.033,Psi_Site_Chen_MathFeature_Latest_5_0_10_5_1
P206,0.0,0.066,0.0,0.133,0.1,0.2,0.033,0.033,0.1,0.0,0.0,0.033,0.0,0.066,0.1,0.133,Psi_Site_Chen_MathFeature_Latest_5_0_10_5_1
P207,0.015,0.066,0.033,0.066,0.066,0.166,0.1,0.066,0.066,0.066,0.0,0.033,0.066,0.1,0.0,0.066,Psi_Site_Chen_MathFeature_Latest_5_0_10_5_1
P208,0.0,0.0,0.066,0.033,0.033,0.066,0.066,0.1,0.0,0.133,0.1,0.066,0.066,0.066,0.066,0.133,Psi_Site_Chen_MathFeature_Latest_5_0_10_5_1
P209,0.065,0.1,0.033,0.1,0.066,0.0,0.0,0.033,0.1,0.033,0.033,0.1,0.033,0.0,0.2,0.033,Psi_Site_Chen_MathFeature_Latest_5_0_10_5_1
P210,0.067,0.066,0.0,0.033,0.033,0.066,0.1,0.066,0.066,0.033,0.133,0.066,0.0,0.1,0.066,0.033,Psi_Site_Chen_MathFeature_Latest_5_0_10_5_1
P211,0.0,0.033,0.033,0.0,0.0,0.033,0.066,0.2,0.033,0.033,0.066,0.033,0.033,0.2,0.033,0.2,Psi_Site_Chen_MathFeature_Latest_5_0_10_5_1
P212,0.061,0.0,0.033,0.166,0.066,0.0,0.0,0.066,0.066,0.033,0.133,0.0,0.066,0.1,0.066,0.066,Psi_Site_Chen_MathFeature_Latest_5_0_10_5_1
P213,0.031,0.033,0.033,0.133,0.1,0.1,0.0,0.033,0.0,0.0,0.1,0.066,0.1,0.133,0.0,0.1,Psi_Site_Chen_MathFeature_Latest_5_0_10_5_1
P214,0.029,0.1,0.0,0.066,0.066,0.066,0.1,0.066,0.0,0.033,0.033,0.1,0.066,0.1,0.033,0.1,Psi_Site_Chen_MathFeature_Latest_5_0_10_5_1
P215,0.044,0.0,0.0,0.1,0.0,0.1,0.066,0.066,0.0,0.1,0.133,0.066,0.066,0.066,0.1,0.033,Psi_Site_Chen_MathFeature_Latest_5_0_10_5_1
P216,0.036,0.1,0.066,0.033,0.033,0.133,0.066,0.1,0.033,0.033,0.0,0.033,0.1,0.066,0.0,0.133,Psi_Site_Chen_MathFeature_Latest_5_0_10_5_1
P217,0.0,0.1,0.066,0.066,0.133,0.133,0.0,0.1,0.066,0.1,0.0,0.033,0.033,0.033,0.133,0.0,Psi_Site_Chen_MathFeature_Latest_5_0_10_5_1
P218,0.015,0.033,0.033,0.066,0.0,0.0,0.033,0.1,0.033,0.033,0.033,0.1,0.1,0.066,0.1,0.233,Psi_Site_Chen_MathFeature_Latest_5_0_10_5_1
P219,0.0,0.1,0.1,0.0,0.1,0.166,0.033,0.1,0.033,0.066,0.0,0.033,0.066,0.066,0.0,0.133,Psi_Site_Chen_MathFeature_Latest_5_0_10_5_1
P220,0.0,0.033,0.1,0.066,0.066,0.1,0.066,0.1,0.033,0.133,0.033,0.0,0.066,0.066,0.033,0.1,Psi_Site_Chen_MathFeature_Latest_5_0_10_5_1
P221,0.032,0.0,0.033,0.066,0.1,0.033,0.066,0.033,0.0,0.1,0.1,0.1,0.033,0.1,0.1,0.066,Psi_Site_Chen_MathFeature_Latest_5_0_10_5_1
P222,0.0,0.166,0.0,0.066,0.133,0.2,0.033,0.1,0.033,0.033,0.0,0.0,0.066,0.066,0.033,0.066,Psi_Site_Chen_MathFeature_Latest_5_0_10_5_1
P223,0.0,0.066,0.033,0.033,0.1,0.366,0.066,0.0,0.0,0.066,0.1,0.033,0.033,0.066,0.0,0.033,Psi_Site_Chen_MathFeature_Latest_5_0_10_5_1
P224,0.0,0.166,0.0,0.033,0.066,0.1,0.033,0.133,0.066,0.033,0.066,0.033,0.066,0.033,0.1,0.066,Psi_Site_Chen_MathFeature_Latest_5_0_10_5_1
P225,0.017,0.133,0.0,0.066,0.033,0.033,0.066,0.1,0.133,0.0,0.033,0.1,0.066,0.066,0.133,0.0,Psi_Site_Chen_MathFeature_Latest_5_0_10_5_1
P226,0.0,0.033,0.033,0.0,0.033,0.133,0.033,0.2,0.0,0.133,0.066,0.033,0.033,0.1,0.1,0.066,Psi_Site_Chen_MathFeature_Latest_5_0_10_5_1
P227,0.017,0.133,0.1,0.033,0.133,0.033,0.0,0.033,0.0,0.0,0.0,0.133,0.133,0.033,0.066,0.133,Psi_Site_Chen_MathFeature_Latest_5_0_10_5_1
P228,0.034,0.0,0.033,0.1,0.0,0.0,0.166,0.033,0.033,0.1,0.0,0.133,0.066,0.133,0.066,0.066,Psi_Site_Chen_MathFeature_Latest_5_0_10_5_1
P229,0.0,0.066,0.0,0.1,0.066,0.1,0.1,0.1,0.066,0.066,0.0,0.033,0.033,0.133,0.066,0.066,Psi_Site_Chen_MathFeature_Latest_5_0_10_5_1
P230,0.016,0.0,0.066,0.033,0.1,0.2,0.033,0.1,0.033,0.133,0.066,0.0,0.0,0.1,0.033,0.066,Psi_Site_Chen_MathFeature_Latest_5_0_10_5_1
P231,0.014,0.033,0.066,0.166,0.1,0.033,0.033,0.0,0.1,0.033,0.1,0.066,0.033,0.066,0.1,0.033,Psi_Site_Chen_MathFeature_Latest_5_0_10_5_1
P232,0.013,0.133,0.033,0.033,0.066,0.066,0.066,0.1,0.066,0.033,0.0,0.066,0.033,0.066,0.066,0.133,Psi_Site_Chen_MathFeature_Latest_5_0_10_5_1
P233,0.054,0.033,0.066,0.066,0.0,0.033,0.033,0.066,0.033,0.033,0.1,0.066,0.166,0.033,0.033,0.133,Psi_Site_Chen_MathFeature_Latest_5_0_10_5_1
P234,0.0,0.0,0.033,0.066,0.033,0.0,0.1,0.1,0.033,0.1,0.066,0.066,0.033,0.133,0.066,0.166,Psi_Site_Chen_MathFeature_Latest_5_0_10_5_1
P235,0.015,0.133,0.066,0.0,0.1,0.1,0.066,0.033,0.033,0.0,0.033,0.133,0.066,0.066,0.033,0.1,Psi_Site_Chen_MathFeature_Latest_5_0_10_5_1
P236,0.036,0.133,0.0,0.033,0.1,0.133,0.1,0.066,0.0,0.1,0.0,0.033,0.033,0.066,0.033,0.1,Psi_Site_Chen_MathFeature_Latest_5_0_10_5_1
P237,0.032,0.133,0.0,0.033,0.1,0.133,0.0,0.066,0.066,0.0,0.0,0.033,0.033,0.033,0.1,0.2,Psi_Site_Chen_MathFeature_Latest_5_0_10_5_1
P238,0.016,0.133,0.1,0.066,0.166,0.0,0.033,0.0,0.033,0.033,0.066,0.1,0.066,0.033,0.033,0.1,Psi_Site_Chen_MathFeature_Latest_5_0_10_5_1
P239,0.031,0.066,0.033,0.066,0.066,0.1,0.033,0.1,0.033,0.033,0.033,0.033,0.066,0.066,0.033,0.166,Psi_Site_Chen_MathFeature_Latest_5_0_10_5_1
P240,0.0,0.033,0.066,0.1,0.033,0.0,0.066,0.033,0.033,0.066,0.1,0.1,0.166,0.033,0.066,0.1,Psi_Site_Chen_MathFeature_Latest_5_0_10_5_1
P241,0.0,0.1,0.066,0.033,0.0,0.033,0.133,0.066,0.1,0.1,0.066,0.066,0.066,0.0,0.066,0.1,Psi_Site_Chen_MathFeature_Latest_5_0_10_5_1
P242,0.032,0.066,0.033,0.166,0.033,0.066,0.033,0.033,0.066,0.0,0.033,0.066,0.166,0.066,0.033,0.066,Psi_Site_Chen_MathFeature_Latest_5_0_10_5_1
P243,0.0,0.033,0.0,0.033,0.0,0.066,0.066,0.066,0.0,0.033,0.033,0.133,0.033,0.1,0.1,0.3,Psi_Site_Chen_MathFeature_Latest_5_0_10_5_1
P244,0.037,0.133,0.033,0.1,0.066,0.133,0.033,0.033,0.066,0.0,0.033,0.033,0.133,0.033,0.033,0.066,Psi_Site_Chen_MathFeature_Latest_5_0_10_5_1
P245,0.048,0.066,0.1,0.1,0.066,0.033,0.033,0.0,0.066,0.033,0.066,0.066,0.133,0.033,0.0,0.1,Psi_Site_Chen_MathFeature_Latest_5_0_10_5_1
P246,0.155,0.033,0.066,0.1,0.033,0.1,0.0,0.066,0.0,0.033,0.0,0.033,0.166,0.033,0.0,0.066,Psi_Site_Chen_MathFeature_Latest_5_0_10_5_1
P247,0.076,0.066,0.0,0.1,0.033,0.0,0.066,0.1,0.0,0.066,0.066,0.066,0.133,0.1,0.066,0.0,Psi_Site_Chen_MathFeature_Latest_5_0_10_5_1
P248,0.0,0.066,0.0,0.066,0.066,0.1,0.066,0.0,0.033,0.0,0.066,0.133,0.033,0.1,0.1,0.166,Psi_Site_Chen_MathFeature_Latest_5_0_10_5_1
P249,0.015,0.066,0.0,0.133,0.1,0.0,0.1,0.0,0.066,0.033,0.066,0.066,0.066,0.1,0.033,0.133,Psi_Site_Chen_MathFeature_Latest_5_0_10_5_1
P250,0.073,0.1,0.033,0.066,0.1,0.066,0.1,0.033,0.033,0.033,0.0,0.066,0.066,0.1,0.0,0.066,Psi_Site_Chen_MathFeature_Latest_5_0_10_5_1
P251,0.0,0.133,0.033,0.066,0.1,0.033,0.1,0.0,0.0,0.0,0.066,0.133,0.133,0.033,0.033,0.133,Psi_Site_Chen_MathFeature_Latest_5_0_10_5_1
P252,0.0,0.033,0.033,0.033,0.066,0.066,0.1,0.066,0.033,0.066,0.1,0.133,0.033,0.133,0.1,0.0,Psi_Site_Chen_MathFeature_Latest_5_0_10_5_1
P253,0.021,0.066,0.033,0.066,0.1,0.133,0.066,0.033,0.0,0.033,0.033,0.133,0.033,0.133,0.066,0.033,Psi_Site_Chen_MathFeature_Latest_5_0_10_5_1
P254,0.054,0.066,0.0,0.033,0.033,0.2,0.066,0.1,0.0,0.066,0.0,0.1,0.066,0.066,0.066,0.033,Psi_Site_Chen_MathFeature_Latest_5_0_10_5_1
P255,0.0,0.033,0.0,0.066,0.066,0.2,0.033,0.1,0.0,0.033,0.033,0.1,0.033,0.133,0.066,0.1,Psi_Site_Chen_MathFeature_Latest_5_0_10_5_1
P256,0.05,0.133,0.033,0.066,0.133,0.1,0.0,0.1,0.066,0.0,0.033,0.0,0.066,0.066,0.033,0.066,Psi_Site_Chen_MathFeature_Latest_5_0_10_5_1
P257,0.039,0.133,0.033,0.066,0.1,0.033,0.0,0.133,0.033,0.033,0.0,0.033,0.1,0.066,0.066,0.1,Psi_Site_Chen_MathFeature_Latest_5_0_10_5_1
P258,0.013,0.033,0.1,0.033,0.0,0.033,0.066,0.066,0.066,0.066,0.1,0.066,0.1,0.033,0.033,0.166,Psi_Site_Chen_MathFeature_Latest_5_0_10_5_1
P259,0.076,0.066,0.066,0.0,0.0,0.133,0.133,0.033,0.066,0.066,0.0,0.1,0.033,0.033,0.033,0.1,Psi_Site_Chen_MathFeature_Latest_5_0_10_5_1
P260,0.015,0.066,0.1,0.033,0.166,0.1,0.0,0.033,0.033,0.033,0.066,0.1,0.0,0.066,0.066,0.1,Psi_Site_Chen_MathFeature_Latest_5_0_10_5_1
P261,0.017,0.066,0.0,0.0,0.0,0.133,0.033,0.133,0.033,0.0,0.033,0.166,0.033,0.1,0.166,0.066,Psi_Site_Chen_MathFeature_Latest_5_0_10_5_1
P262,0.034,0.033,0.066,0.1,0.0,0.033,0.033,0.066,0.066,0.0,0.1,0.066,0.166,0.066,0.033,0.1,Psi_Site_Chen_MathFeature_Latest_5_0_10_5_1
P263,0.018,0.0,0.0,0.033,0.066,0.1,0.133,0.1,0.0,0.133,0.033,0.033,0.0,0.166,0.033,0.133,Psi_Site_Chen_MathFeature_Latest_5_0_10_5_1
P264,0.035,0.1,0.033,0.066,0.133,0.1,0.033,0.033,0.0,0.033,0.033,0.1,0.033,0.066,0.066,0.1,Psi_Site_Chen_MathFeature_Latest_5_0_10_5_1
P265,0.032,0.066,0.0,0.066,0.0,0.033,0.1,0.1,0.033,0.033,0.033,0.1,0.066,0.133,0.066,0.1,Psi_Site_Chen_MathFeature_Latest_5_0_10_5_1
P266,0.049,0.066,0.033,0.066,0.0,0.066,0.066,0.1,0.033,0.033,0.0,0.066,0.133,0.066,0.033,0.133,Psi_Site_Chen_MathFeature_Latest_5_0_10_5_1
P267,0.016,0.1,0.0,0.033,0.033,0.1,0.033,0.133,0.066,0.066,0.066,0.033,0.033,0.033,0.133,0.1,Psi_Site_Chen_MathFeature_Latest_5_0_10_5_1
P268,0.017,0.0,0.066,0.1,0.066,0.1,0.0,0.1,0.033,0.1,0.066,0.0,0.066,0.066,0.033,0.166,Psi_Site_Chen_MathFeature_Latest_5_0_10_5_1
P269,0.034,0.1,0.033,0.1,0.1,0.0,0.0,0.1,0.066,0.033,0.0,0.033,0.1,0.066,0.1,0.1,Psi_Site_Chen_MathFeature_Latest_5_0_10_5_1
P270,0.035,0.066,0.0,0.166,0.033,0.033,0.0,0.1,0.033,0.0,0.033,0.033,0.166,0.1,0.033,0.133,Psi_Site_Chen_MathFeature_Latest_5_0_10_5_1
P271,0.0,0.133,0.033,0.0,0.033,0.066,0.033,0.166,0.0,0.066,0.033,0.033,0.133,0.033,0.033,0.2,Psi_Site_Chen_MathFeature_Latest_5_0_10_5_1
P272,0.0,0.166,0.066,0.0,0.066,0.1,0.066,0.1,0.066,0.033,0.0,0.066,0.1,0.033,0.033,0.1,Psi_Site_Chen_MathFeature_Latest_5_0_10_5_1
P273,0.031,0.033,0.033,0.1,0.033,0.033,0.1,0.033,0.0,0.066,0.066,0.133,0.133,0.066,0.066,0.033,Psi_Site_Chen_MathFeature_Latest_5_0_10_5_1
P274,0.059,0.033,0.1,0.1,0.0,0.0,0.0,0.066,0.033,0.033,0.033,0.066,0.2,0.0,0.033,0.2,Psi_Site_Chen_MathFeature_Latest_5_0_10_5_1
P275,0.038,0.166,0.0,0.1,0.1,0.1,0.033,0.033,0.033,0.0,0.066,0.066,0.1,0.033,0.066,0.033,Psi_Site_Chen_MathFeature_Latest_5_0_10_5_1
P276,0.043,0.033,0.033,0.1,0.0,0.0,0.0,0.133,0.033,0.066,0.066,0.0,0.1,0.033,0.066,0.233,Psi_Site_Chen_MathFeature_Latest_5_0_10_5_1
P277,0.014,0.066,0.066,0.0,0.066,0.066,0.033,0.066,0.0,0.133,0.1,0.1,0.066,0.0,0.1,0.1,Psi_Site_Chen_MathFeature_Latest_5_0_10_5_1
P278,0.015,0.066,0.033,0.0,0.033,0.2,0.066,0.133,0.033,0.1,0.033,0.033,0.033,0.033,0.1,0.066,Psi_Site_Chen_MathFeature_Latest_5_0_10_5_1
P279,0.028,0.133,0.0,0.066,0.066,0.033,0.066,0.166,0.033,0.033,0.0,0.033,0.1,0.133,0.0,0.066,Psi_Site_Chen_MathFeature_Latest_5_0_10_5_1
P280,0.035,0.033,0.066,0.1,0.066,0.066,0.1,0.033,0.1,0.066,0.0,0.033,0.033,0.1,0.066,0.066,Psi_Site_Chen_MathFeature_Latest_5_0_10_5_1
P281,0.019,0.033,0.133,0.0,0.033,0.066,0.066,0.066,0.066,0.1,0.166,0.066,0.066,0.033,0.033,0.033,Psi_Site_Chen_MathFeature_Latest_5_0_10_5_1
P282,0.062,0.033,0.033,0.133,0.0,0.066,0.066,0.066,0.033,0.033,0.033,0.033,0.133,0.066,0.033,0.133,Psi_Site_Chen_MathFeature_Latest_5_0_10_5_1
P283,0.015,0.033,0.066,0.066,0.033,0.066,0.066,0.1,0.033,0.066,0.033,0.033,0.1,0.133,0.0,0.133,Psi_Site_Chen_MathFeature_Latest_5_0_10_5_1
P284,0.0,0.033,0.0,0.0,0.066,0.133,0.066,0.133,0.0,0.066,0.066,0.1,0.0,0.166,0.1,0.066,Psi_Site_Chen_MathFeature_Latest_5_0_10_5_1
P285,0.074,0.133,0.033,0.1,0.2,0.066,0.0,0.066,0.0,0.033,0.066,0.0,0.066,0.066,0.0,0.033,Psi_Site_Chen_MathFeature_Latest_5_0_10_5_1
P286,0.063,0.133,0.033,0.033,0.166,0.166,0.033,0.0,0.0,0.066,0.066,0.033,0.033,0.0,0.033,0.066,Psi_Site_Chen_MathFeature_Latest_5_0_10_5_1
P287,0.03,0.033,0.033,0.033,0.1,0.266,0.0,0.1,0.0,0.033,0.0,0.033,0.0,0.133,0.033,0.133,Psi_Site_Chen_MathFeature_Latest_5_0_10_5_1
P288,0.018,0.066,0.033,0.166,0.066,0.033,0.033,0.033,0.033,0.033,0.066,0.066,0.133,0.066,0.066,0.066,Psi_Site_Chen_MathFeature_Latest_5_0_10_5_1
P289,0.052,0.033,0.033,0.033,0.033,0.2,0.1,0.033,0.033,0.066,0.1,0.033,0.033,0.033,0.033,0.1,Psi_Site_Chen_MathFeature_Latest_5_0_10_5_1
P290,0.092,0.1,0.033,0.066,0.1,0.166,0.1,0.0,0.0,0.1,0.0,0.0,0.066,0.0,0.0,0.1,Psi_Site_Chen_MathFeature_Latest_5_0_10_5_1
P291,0.046,0.066,0.066,0.133,0.066,0.066,0.0,0.1,0.0,0.033,0.033,0.066,0.2,0.066,0.0,0.0,Psi_Site_Chen_MathFeature_Latest_5_0_10_5_1
P292,0.019,0.1,0.0,0.033,0.033,0.133,0.033,0.166,0.0,0.033,0.0,0.066,0.1,0.1,0.066,0.1,Psi_Site_Chen_MathFeature_Latest_5_0_10_5_1
P293,0.0,0.0,0.1,0.033,0.033,0.2,0.1,0.066,0.066,0.1,0.033,0.066,0.033,0.1,0.066,0.0,Psi_Site_Chen_MathFeature_Latest_5_0_10_5_1
P294,0.016,0.1,0.066,0.1,0.033,0.0,0.066,0.066,0.066,0.033,0.033,0.033,0.166,0.033,0.033,0.133,Psi_Site_Chen_MathFeature_Latest_5_0_10_5_1
P295,0.0,0.133,0.033,0.033,0.066,0.166,0.033,0.1,0.033,0.1,0.0,0.0,0.066,0.0,0.066,0.166,Psi_Site_Chen_MathFeature_Latest_5_0_10_5_1
P296,0.048,0.1,0.1,0.0,0.133,0.166,0.033,0.066,0.0,0.1,0.0,0.033,0.066,0.033,0.0,0.066,Psi_Site_Chen_MathFeature_Latest_5_0_10_5_1
P297,0.014,0.033,0.033,0.066,0.066,0.1,0.0,0.1,0.0,0.033,0.166,0.033,0.066,0.1,0.033,0.133,Psi_Site_Chen_MathFeature_Latest_5_0_10_5_1
P298,0.069,0.1,0.066,0.033,0.1,0.1,0.1,0.033,0.033,0.133,0.066,0.0,0.066,0.0,0.0,0.033,Psi_Site_Chen_MathFeature_Latest_5_0_10_5_1
P299,0.02,0.0,0.033,0.1,0.066,0.0,0.033,0.033,0.0,0.1,0.066,0.1,0.1,0.033,0.133,0.166,Psi_Site_Chen_MathFeature_Latest_5_0_10_5_1
P300,0.0,0.066,0.033,0.033,0.033,0.066,0.033,0.133,0.033,0.033,0.033,0.066,0.066,0.133,0.066,0.166,Psi_Site_Chen_MathFeature_Latest_5_0_10_5_1
P301,0.017,0.1,0.0,0.033,0.033,0.1,0.066,0.1,0.0,0.1,0.066,0.066,0.066,0.033,0.1,0.1,Psi_Site_Chen_MathFeature_Latest_5_0_10_5_1
P302,0.06,0.066,0.033,0.033,0.033,0.133,0.066,0.1,0.033,0.1,0.1,0.0,0.1,0.033,0.0,0.033,Psi_Site_Chen_MathFeature_Latest_5_0_10_5_1
P303,0.022,0.033,0.0,0.033,0.033,0.166,0.1,0.1,0.033,0.133,0.033,0.066,0.0,0.066,0.1,0.066,Psi_Site_Chen_MathFeature_Latest_5_0_10_5_1
P304,0.05,0.1,0.0,0.066,0.066,0.066,0.066,0.133,0.033,0.0,0.033,0.033,0.066,0.166,0.0,0.066,Psi_Site_Chen_MathFeature_Latest_5_0_10_5_1
P305,0.0,0.1,0.033,0.033,0.0,0.0,0.033,0.166,0.0,0.066,0.133,0.1,0.133,0.033,0.1,0.066,Psi_Site_Chen_MathFeature_Latest_5_0_10_5_1
P306,0.047,0.0,0.066,0.1,0.033,0.066,0.066,0.033,0.066,0.066,0.033,0.066,0.066,0.066,0.066,0.1,Psi_Site_Chen_MathFeature_Latest_5_0_10_5_1
P307,0.127,0.1,0.033,0.066,0.066,0.0,0.0,0.066,0.0,0.0,0.066,0.066,0.133,0.033,0.033,0.133,Psi_Site_Chen_MathFeature_Latest_5_0_10_5_1
P308,0.048,0.0,0.033,0.066,0.033,0.066,0.033,0.1,0.033,0.1,0.1,0.033,0.033,0.066,0.1,0.1,Psi_Site_Chen_MathFeature_Latest_5_0_10_5_1
P309,0.041,0.133,0.0,0.066,0.066,0.033,0.133,0.0,0.033,0.066,0.033,0.1,0.066,0.0,0.066,0.133,Psi_Site_Chen_MathFeature_Latest_5_0_10_5_1
P310,0.027,0.033,0.066,0.1,0.0,0.066,0.1,0.066,0.066,0.1,0.033,0.033,0.133,0.033,0.033,0.066,Psi_Site_Chen_MathFeature_Latest_5_0_10_5_1
P311,0.017,0.066,0.033,0.066,0.066,0.133,0.033,0.033,0.033,0.033,0.0,0.033,0.066,0.066,0.033,0.266,Psi_Site_Chen_MathFeature_Latest_5_0_10_5_1
P312,0.034,0.066,0.0,0.1,0.0,0.1,0.033,0.066,0.0,0.033,0.0,0.1,0.166,0.033,0.1,0.133,Psi_Site_Chen_MathFeature_Latest_5_0_10_5_1
P313,0.0,0.033,0.066,0.066,0.0,0.033,0.1,0.033,0.1,0.033,0.133,0.1,0.033,0.1,0.066,0.1,Psi_Site_Chen_MathFeature_Latest_5_0_10_5_1
P314,0.038,0.1,0.0,0.0,0.0,0.066,0.1,0.166,0.0,0.066,0.066,0.1,0.1,0.066,0.066,0.033,Psi_Site_Chen_MathFeature_Latest_5_0_10_5_1
N1,0.0,0.066,0.0,0.066,0.0,0.133,0.1,0.133,0.066,0.1,0.033,0.033,0.066,0.1,0.066,0.033,Psi_Site_Chen_MathFeature_Latest_5_0_10_5_1
N2,0.0,0.0,0.0,0.033,0.033,0.0,0.1,0.1,0.0,0.233,0.166,0.1,0.0,0.033,0.2,0.0,Psi_Site_Chen_MathFeature_Latest_5_0_10_5_1
N3,0.0,0.0,0.1,0.0,0.033,0.1,0.066,0.0,0.066,0.066,0.066,0.2,0.033,0.0,0.166,0.1,Psi_Site_Chen_MathFeature_Latest_5_0_10_5_1
N4,0.061,0.0,0.033,0.066,0.0,0.0,0.133,0.066,0.1,0.066,0.1,0.066,0.0,0.166,0.033,0.033,Psi_Site_Chen_MathFeature_Latest_5_0_10_5_1
N5,0.018,0.066,0.0,0.033,0.1,0.033,0.033,0.066,0.0,0.0,0.033,0.133,0.033,0.1,0.1,0.233,Psi_Site_Chen_MathFeature_Latest_5_0_10_5_1
N6,0.0,0.0,0.0,0.0,0.0,0.1,0.0,0.166,0.0,0.066,0.0,0.0,0.0,0.133,0.066,0.466,Psi_Site_Chen_MathFeature_Latest_5_0_10_5_1
N7,0.051,0.2,0.033,0.033,0.1,0.033,0.1,0.066,0.033,0.066,0.0,0.066,0.1,0.0,0.033,0.033,Psi_Site_Chen_MathFeature_Latest_5_0_10_5_1
N8,0.017,0.066,0.033,0.0,0.066,0.2,0.066,0.166,0.0,0.1,0.0,0.066,0.033,0.1,0.066,0.0,Psi_Site_Chen_MathFeature_Latest_5_0_10_5_1
N9,0.053,0.033,0.033,0.166,0.1,0.0,0.0,0.1,0.0,0.066,0.033,0.0,0.133,0.066,0.033,0.133,Psi_Site_Chen_MathFeature_Latest_5_0_10_5_1
N10,0.045,0.066,0.066,0.066,0.066,0.1,0.033,0.066,0.033,0.0,0.033,0.1,0.1,0.1,0.0,0.066,Psi_Site_Chen_MathFeature_Latest_5_0_10_5_1
N11,0.018,0.133,0.0,0.066,0.066,0.333,0.066,0.066,0.033,0.066,0.0,0.0,0.066,0.033,0.033,0.0,Psi_Site_Chen_MathFeature_Latest_5_0_10_5_1
N12,0.017,0.1,0.033,0.066,0.1,0.0,0.066,0.066,0.066,0.133,0.066,0.0,0.033,0.033,0.1,0.1,Psi_Site_Chen_MathFeature_Latest_5_0_10_5_1
N13,0.0,0.066,0.033,0.033,0.066,0.1,0.033,0.066,0.033,0.066,0.0,0.066,0.033,0.066,0.066,0.266,Psi_Site_Chen_MathFeature_Latest_5_0_10_5_1
N14,0.0,0.066,0.0,0.033,0.066,0.266,0.033,0.133,0.0,0.066,0.066,0.033,0.033,0.066,0.1,0.033,Psi_Site_Chen_MathFeature_Latest_5_0_10_5_1
N15,0.0,0.033,0.033,0.066,0.066,0.2,0.1,0.033,0.066,0.1,0.066,0.033,0.0,0.066,0.066,0.066,Psi_Site_Chen_MathFeature_Latest_5_0_10_5_1
N16,0.028,0.066,0.033,0.1,0.066,0.1,0.1,0.0,0.066,0.1,0.033,0.066,0.033,0.033,0.1,0.033,Psi_Site_Chen_MathFeature_Latest_5_0_10_5_1
N17,0.0,0.0,0.033,0.033,0.0,0.0,0.066,0.166,0.0,0.1,0.033,0.066,0.066,0.166,0.033,0.233,Psi_Site_Chen_MathFeature_Latest_5_0_10_5_1
N18,0.014,0.066,0.0,0.0,0.0,0.133,0.066,0.1,0.066,0.033,0.1,0.066,0.033,0.066,0.1,0.133,Psi_Site_Chen_MathFeature_Latest_5_0_10_5_1
N19,0.077,0.033,0.033,0.033,0.0,0.0,0.033,0.066,0.033,0.0,0.1,0.066,0.1,0.066,0.033,0.266,Psi_Site_Chen_MathFeature_Latest_5_0_10_5_1
N20,0.028,0.1,0.0,0.033,0.0,0.066,0.133,0.066,0.1,0.066,0.0,0.066,0.033,0.066,0.1,0.1,Psi_Site_Chen_MathFeature_Latest_5_0_10_5_1
N21,0.068,0.066,0.033,0.033,0.066,0.0,0.0,0.133,0.0,0.0,0.033,0.066,0.066,0.1,0.033,0.233,Psi_Site_Chen_MathFeature_Latest_5_0_10_5_1
N22,0.0,0.033,0.033,0.066,0.0,0.066,0.0,0.233,0.033,0.0,0.0,0.0,0.1,0.2,0.0,0.233,Psi_Site_Chen_MathFeature_Latest_5_0_10_5_1
N23,0.016,0.033,0.0,0.066,0.033,0.066,0.066,0.066,0.066,0.033,0.033,0.066,0.033,0.1,0.066,0.233,Psi_Site_Chen_MathFeature_Latest_5_0_10_5_1
N24,0.018,0.033,0.033,0.066,0.1,0.266,0.066,0.066,0.0,0.066,0.0,0.033,0.0,0.166,0.0,0.066,Psi_Site_Chen_MathFeature_Latest_5_0_10_5_1
N25,0.0,0.0,0.033,0.033,0.0,0.0,0.0,0.133,0.0,0.033,0.0,0.1,0.033,0.1,0.133,0.4,Psi_Site_Chen_MathFeature_Latest_5_0_10_5_1
N26,0.0,0.0,0.0,0.033,0.033,0.166,0.066,0.233,0.0,0.066,0.033,0.033,0.033,0.233,0.033,0.033,Psi_Site_Chen_MathFeature_Latest_5_0_10_5_1
N27,0.017,0.1,0.0,0.133,0.066,0.033,0.033,0.066,0.033,0.0,0.0,0.066,0.1,0.066,0.066,0.2,Psi_Site_Chen_MathFeature_Latest_5_0_10_5_1
N28,0.0,0.066,0.066,0.1,0.033,0.166,0.0,0.066,0.066,0.033,0.1,0.033,0.133,0.0,0.066,0.066,Psi_Site_Chen_MathFeature_Latest_5_0_10_5_1
N29,0.0,0.066,0.033,0.0,0.0,0.033,0.033,0.133,0.033,0.066,0.1,0.066,0.066,0.033,0.1,0.233,Psi_Site_Chen_MathFeature_Latest_5_0_10_5_1
N30,0.037,0.066,0.033,0.033,0.066,0.1,0.066,0.1,0.0,0.033,0.066,0.066,0.066,0.166,0.0,0.066,Psi_Site_Chen_MathFeature_Latest_5_0_10_5_1
N31,0.057,0.1,0.033,0.0,0.066,0.066,0.1,0.1,0.033,0.1,0.0,0.066,0.033,0.066,0.033,0.1,Psi_Site_Chen_MathFeature_Latest_5_0_10_5_1
N32,0.0,0.0,0.033,0.133,0.0,0.0,0.0,0.2,0.0,0.0,0.0,0.033,0.166,0.166,0.0,0.266,Psi_Site_Chen_MathFeature_Latest_5_0_10_5_1
N33,0.015,0.133,0.033,0.033,0.1,0.066,0.033,0.1,0.1,0.033,0.033,0.0,0.033,0.066,0.066,0.133,Psi_Site_Chen_MathFeature_Latest_5_0_10_5_1
N34,0.03,0.066,0.033,0.033,0.033,0.133,0.033,0.066,0.0,0.033,0.033,0.066,0.133,0.033,0.033,0.2,Psi_Site_Chen_MathFeature_Latest_5_0_10_5_1
N35,0.014,0.0,0.033,0.033,0.0,0.1,0.066,0.1,0.033,0.033,0.033,0.066,0.066,0.1,0.033,0.266,Psi_Site_Chen_MathFeature_Latest_5_0_10_5_1
N36,0.033,0.1,0.033,0.1,0.1,0.0,0.033,0.066,0.1,0.033,0.033,0.033,0.033,0.033,0.1,0.133,Psi_Site_Chen_MathFeature_Latest_5_0_10_5_1
N37,0.021,0.066,0.066,0.066,0.066,0.066,0.066,0.1,0.033,0.1,0.0,0.033,0.1,0.066,0.066,0.066,Psi_Site_Chen_MathFeature_Latest_5_0_10_5_1
N38,0.018,0.066,0.0,0.066,0.033,0.066,0.066,0.066,0.033,0.033,0.0,0.133,0.1,0.066,0.133,0.1,Psi_Site_Chen_MathFeature_Latest_5_0_10_5_1
N39,0.017,0.0,0.066,0.033,0.066,0.0,0.0,0.066,0.033,0.1,0.1,0.133,0.0,0.033,0.2,0.133,Psi_Site_Chen_MathFeature_Latest_5_0_10_5_1
N40,0.0,0.1,0.0,0.166,0.066,0.0,0.066,0.066,0.1,0.0,0.0,0.033,0.1,0.1,0.033,0.166,Psi_Site_Chen_MathFeature_Latest_5_0_10_5_1
N41,0.0,0.0,0.0,0.133,0.066,0.0,0.066,0.1,0.066,0.133,0.0,0.066,0.0,0.066,0.2,0.1,Psi_Site_Chen_MathFeature_Latest_5_0_10_5_1
N42,0.055,0.1,0.033,0.066,0.066,0.1,0.033,0.1,0.066,0.1,0.033,0.0,0.033,0.0,0.1,0.066,Psi_Site_Chen_MathFeature_Latest_5_0_10_5_1
N43,0.016,0.1,0.066,0.1,0.066,0.1,0.0,0.066,0.066,0.0,0.0,0.066,0.133,0.033,0.066,0.1,Psi_Site_Chen_MathFeature_Latest_5_0_10_5_1
N44,0.027,0.133,0.033,0.033,0.133,0.233,0.0,0.066,0.1,0.033,0.0,0.0,0.0,0.033,0.066,0.066,Psi_Site_Chen_MathFeature_Latest_5_0_10_5_1
N45,0.029,0.066,0.033,0.066,0.033,0.1,0.033,0.066,0.066,0.0,0.1,0.066,0.066,0.033,0.1,0.1,Psi_Site_Chen_MathFeature_Latest_5_0_10_5_1
N46,0.017,0.0,0.0,0.133,0.033,0.033,0.0,0.133,0.033,0.033,0.1,0.066,0.066,0.1,0.133,0.1,Psi_Site_Chen_MathFeature_Latest_5_0_10_5_1
N47,0.061,0.033,0.033,0.033,0.066,0.033,0.0,0.133,0.033,0.0,0.066,0.066,0.033,0.133,0.066,0.133,Psi_Site_Chen_MathFeature_Latest_5_0_10_5_1
N48,0.019,0.033,0.033,0.033,0.0,0.033,0.033,0.166,0.0,0.033,0.0,0.033,0.066,0.133,0.0,0.366,Psi_Site_Chen_MathFeature_Latest_5_0_10_5_1
N49,0.044,0.066,0.166,0.033,0.066,0.066,0.0,0.066,0.1,0.033,0.066,0.066,0.066,0.033,0.066,0.0,Psi_Site_Chen_MathFeature_Latest_5_0_10_5_1
N50,0.038,0.033,0.066,0.033,0.0,0.066,0.033,0.066,0.033,0.033,0.066,0.066,0.066,0.033,0.033,0.3,Psi_Site_Chen_MathFeature_Latest_5_0_10_5_1
N51,0.067,0.1,0.0,0.066,0.133,0.2,0.033,0.066,0.0,0.0,0.0,0.033,0.066,0.133,0.0,0.033,Psi_Site_Chen_MathFeature_Latest_5_0_10_5_1
N52,0.0,0.0,0.033,0.033,0.0,0.033,0.133,0.066,0.033,0.066,0.133,0.166,0.033,0.133,0.1,0.033,Psi_Site_Chen_MathFeature_Latest_5_0_10_5_1
N53,0.017,0.1,0.033,0.033,0.066,0.266,0.033,0.066,0.033,0.033,0.133,0.033,0.066,0.033,0.033,0.0,Psi_Site_Chen_MathFeature_Latest_5_0_10_5_1
N54,0.039,0.033,0.066,0.066,0.0,0.033,0.066,0.1,0.066,0.033,0.033,0.066,0.1,0.1,0.033,0.1,Psi_Site_Chen_MathFeature_Latest_5_0_10_5_1
N55,0.029,0.066,0.0,0.066,0.0,0.0,0.066,0.1,0.033,0.033,0.0,0.033,0.1,0.066,0.033,0.333,Psi_Site_Chen_MathFeature_Latest_5_0_10_5_1
N56,0.03,0.066,0.0,0.033,0.033,0.066,0.066,0.166,0.0,0.066,0.0,0.0,0.066,0.133,0.0,0.233,Psi_Site_Chen_MathFeature_Latest_5_0_10_5_1
N57,0.07,0.033,0.066,0.033,0.033,0.133,0.033,0.066,0.033,0.033,0.066,0.066,0.1,0.033,0.033,0.1,Psi_Site_Chen_MathFeature_Latest_5_0_10_5_1
N58,0.0,0.0,0.033,0.066,0.066,0.233,0.0,0.066,0.0,0.033,0.033,0.066,0.033,0.1,0.066,0.2,Psi_Site_Chen_MathFeature_Latest_5_0_10_5_1
N59,0.032,0.033,0.066,0.066,0.033,0.266,0.033,0.066,0.0,0.066,0.0,0.033,0.133,0.033,0.033,0.066,Psi_Site_Chen_MathFeature_Latest_5_0_10_5_1
N60,0.048,0.033,0.066,0.066,0.133,0.133,0.066,0.066,0.033,0.066,0.033,0.0,0.0,0.133,0.0,0.066,Psi_Site_Chen_MathFeature_Latest_5_0_10_5_1
N61,0.0,0.1,0.0,0.066,0.1,0.166,0.033,0.133,0.0,0.033,0.0,0.0,0.066,0.133,0.0,0.166,Psi_Site_Chen_MathFeature_Latest_5_0_10_5_1
N62,0.055,0.1,0.0,0.066,0.133,0.033,0.1,0.066,0.0,0.1,0.0,0.066,0.033,0.1,0.066,0.033,Psi_Site_Chen_MathFeature_Latest_5_0_10_5_1
N63,0.059,0.033,0.0,0.1,0.066,0.033,0.0,0.066,0.0,0.066,0.033,0.0,0.066,0.033,0.033,0.366,Psi_Site_Chen_MathFeature_Latest_5_0_10_5_1
N64,0.015,0.033,0.0,0.133,0.0,0.0,0.0,0.133,0.0,0.0,0.0,0.0,0.166,0.066,0.0,0.433,Psi_Site_Chen_MathFeature_Latest_5_0_10_5_1
N65,0.0,0.0,0.033,0.1,0.033,0.133,0.066,0.033,0.0,0.1,0.066,0.133,0.1,0.0,0.166,0.033,Psi_Site_Chen_MathFeature_Latest_5_0_10_5_1
N66,0.033,0.1,0.1,0.1,0.066,0.066,0.033,0.1,0.0,0.066,0.0,0.033,0.2,0.033,0.0,0.033,Psi_Site_Chen_MathFeature_Latest_5_0_10_5_1
N67,0.0,0.1,0.066,0.066,0.133,0.1,0.0,0.133,0.033,0.033,0.033,0.0,0.1,0.1,0.0,0.1,Psi_Site_Chen_MathFeature_Latest_5_0_10_5_1
N68,0.0,0.066,0.0,0.033,0.033,0.066,0.066,0.1,0.033,0.033,0.066,0.033,0.033,0.1,0.066,0.266,Psi_Site_Chen_MathFeature_Latest_5_0_10_5_1
N69,0.0,0.0,0.066,0.033,0.1,0.066,0.033,0.033,0.0,0.066,0.133,0.166,0.0,0.066,0.133,0.1,Psi_Site_Chen_MathFeature_Latest_5_0_10_5_1
N70,0.083,0.1,0.0,0.0,0.1,0.166,0.033,0.066,0.0,0.066,0.0,0.066,0.0,0.033,0.1,0.1,Psi_Site_Chen_MathFeature_Latest_5_0_10_5_1
N71,0.0,0.033,0.0,0.1,0.066,0.066,0.066,0.033,0.066,0.033,0.1,0.066,0.033,0.1,0.066,0.166,Psi_Site_Chen_MathFeature_Latest_5_0_10_5_1
N72,0.0,0.1,0.066,0.0,0.033,0.033,0.066,0.133,0.033,0.066,0.133,0.033,0.1,0.066,0.033,0.1,Psi_Site_Chen_MathFeature_Latest_5_0_10_5_1
N73,0.102,0.1,0.0,0.066,0.1,0.033,0.0,0.1,0.0,0.0,0.033,0.066,0.1,0.1,0.033,0.1,Psi_Site_Chen_MathFeature_Latest_5_0_10_5_1
N74,0.0,0.0,0.0,0.066,0.0,0.033,0.033,0.1,0.0,0.033,0.066,0.066,0.1,0.1,0.066,0.333,Psi_Site_Chen_MathFeature_Latest_5_0_10_5_1
N75,0.049,0.066,0.033,0.066,0.033,0.066,0.066,0.066,0.066,0.0,0.1,0.066,0.066,0.133,0.033,0.033,Psi_Site_Chen_MathFeature_Latest_5_0_10_5_1
N76,0.0,0.0,0.0,0.033,0.033,0.033,0.0,0.066,0.0,0.0,0.166,0.166,0.0,0.1,0.166,0.233,Psi_Site_Chen_MathFeature_Latest_5_0_10_5_1
N77,0.0,0.0,0.033,0.0,0.0,0.033,0.033,0.066,0.033,0.066,0.066,0.166,0.0,0.066,0.166,0.266,Psi_Site_Chen_MathFeature_Latest_5_0_10_5_1
N78,0.038,0.1,0.0,0.033,0.066,0.066,0.033,0.233,0.033,0.033,0.0,0.0,0.033,0.166,0.066,0.066,Psi_Site_Chen_MathFeature_Latest_5_0_10_5_1
N79,0.018,0.066,0.0,0.1,0.066,0.1,0.0,0.1,0.033,0.066,0.0,0.033,0.066,0.033,0.133,0.166,Psi_Site_Chen_MathFeature_Latest_5_0_10_5_1
N80,0.017,0.0,0.066,0.1,0.0,0.0,0.033,0.1,0.0,0.033,0.033,0.066,0.166,0.1,0.0,0.266,Psi_Site_Chen_MathFeature_Latest_5_0_10_5_1
N81,0.0,0.0,0.033,0.066,0.033,0.0,0.033,0.033,0.0,0.1,0.133,0.133,0.066,0.0,0.166,0.2,Psi_Site_Chen_MathFeature_Latest_5_0_10_5_1
N82,0.0,0.066,0.033,0.0,0.033,0.033,0.1,0.133,0.033,0.133,0.1,0.1,0.033,0.033,0.133,0.033,Psi_Site_Chen_MathFeature_Latest_5_0_10_5_1
N83,0.018,0.033,0.0,0.033,0.0,0.066,0.133,0.033,0.0,0.066,0.066,0.133,0.066,0.1,0.066,0.166,Psi_Site_Chen_MathFeature_Latest_5_0_10_5_1
N84,0.146,0.033,0.033,0.166,0.066,0.0,0.0,0.066,0.0,0.033,0.0,0.033,0.166,0.066,0.033,0.033,Psi_Site_Chen_MathFeature_Latest_5_0_10_5_1
N85,0.018,0.033,0.033,0.066,0.066,0.1,0.066,0.1,0.033,0.066,0.033,0.033,0.0,0.166,0.033,0.133,Psi_Site_Chen_MathFeature_Latest_5_0_10_5_1
N86,0.03,0.066,0.033,0.033,0.033,0.166,0.033,0.033,0.0,0.033,0.066,0.066,0.1,0.0,0.066,0.2,Psi_Site_Chen_MathFeature_Latest_5_0_10_5_1
N87,0.043,0.1,0.033,0.066,0.066,0.1,0.1,0.033,0.066,0.066,0.033,0.033,0.066,0.033,0.033,0.066,Psi_Site_Chen_MathFeature_Latest_5_0_10_5_1
N88,0.033,0.033,0.033,0.1,0.033,0.033,0.033,0.066,0.1,0.033,0.066,0.066,0.033,0.033,0.166,0.1,Psi_Site_Chen_MathFeature_Latest_5_0_10_5_1
N89,0.061,0.066,0.066,0.066,0.033,0.033,0.1,0.033,0.1,0.1,0.066,0.0,0.033,0.0,0.066,0.1,Psi_Site_Chen_MathFeature_Latest_5_0_10_5_1
N90,0.016,0.0,0.066,0.1,0.033,0.0,0.033,0.0,0.066,0.033,0.133,0.1,0.1,0.0,0.1,0.2,Psi_Site_Chen_MathFeature_Latest_5_0_10_5_1
N91,0.015,0.066,0.066,0.066,0.066,0.133,0.0,0.133,0.033,0.066,0.0,0.066,0.066,0.066,0.1,0.033,Psi_Site_Chen_MathFeature_Latest_5_0_10_5_1
N92,0.055,0.066,0.033,0.133,0.066,0.0,0.033,0.1,0.066,0.033,0.0,0.033,0.066,0.1,0.066,0.1,Psi_Site_Chen_MathFeature_Latest_5_0_10_5_1
N93,0.031,0.1,0.0,0.033,0.033,0.166,0.1,0.1,0.033,0.066,0.0,0.066,0.066,0.066,0.033,0.066,Psi_Site_Chen_MathFeature_Latest_5_0_10_5_1
N94,0.0,0.0,0.033,0.1,0.066,0.333,0.066,0.033,0.033,0.066,0.0,0.0,0.033,0.133,0.0,0.1,Psi_Site_Chen_MathFeature_Latest_5_0_10_5_1
N95,0.0,0.033,0.033,0.0,0.033,0.0,0.066,0.033,0.0,0.066,0.066,0.266,0.033,0.033,0.233,0.1,Psi_Site_Chen_MathFeature_Latest_5_0_10_5_1
N96,0.015,0.033,0.033,0.0,0.033,0.233,0.1,0.133,0.033,0.1,0.033,0.033,0.033,0.133,0.033,0.0,Psi_Site_Chen_MathFeature_Latest_5_0_10_5_1
N97,0.0,0.033,0.033,0.0,0.033,0.233,0.066,0.133,0.033,0.166,0.0,0.033,0.0,0.033,0.133,0.066,Psi_Site_Chen_MathFeature_Latest_5_0_10_5_1
N98,0.0,0.033,0.033,0.0,0.033,0.2,0.133,0.133,0.033,0.166,0.0,0.033,0.0,0.133,0.033,0.033,Psi_Site_Chen_MathFeature_Latest_5_0_10_5_1
N99,0.026,0.0,0.1,0.033,0.033,0.1,0.066,0.033,0.033,0.1,0.1,0.1,0.066,0.033,0.033,0.1,Psi_Site_Chen_MathFeature_Latest_5_0_10_5_1
N100,0.032,0.033,0.133,0.066,0.066,0.033,0.066,0.033,0.1,0.066,0.0,0.066,0.066,0.066,0.033,0.1,Psi_Site_Chen_MathFeature_Latest_5_0_10_5_1
N101,0.092,0.133,0.033,0.033,0.133,0.166,0.033,0.033,0.0,0.033,0.0,0.066,0.066,0.0,0.033,0.066,Psi_Site_Chen_MathFeature_Latest_5_0_10_5_1
N102,0.03,0.133,0.033,0.033,0.1,0.133,0.066,0.033,0.066,0.0,0.066,0.033,0.033,0.033,0.033,0.133,Psi_Site_Chen_MathFeature_Latest_5_0_10_5_1
N103,0.017,0.033,0.033,0.066,0.1,0.1,0.1,0.066,0.033,0.166,0.133,0.0,0.0,0.033,0.1,0.0,Psi_Site_Chen_MathFeature_Latest_5_0_10_5_1
N104,0.063,0.1,0.0,0.0,0.033,0.1,0.033,0.133,0.0,0.066,0.1,0.0,0.066,0.033,0.033,0.166,Psi_Site_Chen_MathFeature_Latest_5_0_10_5_1
N105,0.04,0.133,0.033,0.033,0.133,0.2,0.033,0.033,0.066,0.033,0.033,0.033,0.033,0.0,0.066,0.033,Psi_Site_Chen_MathFeature_Latest_5_0_10_5_1
N106,0.087,0.066,0.0,0.1,0.0,0.1,0.066,0.066,0.133,0.0,0.0,0.0,0.033,0.066,0.066,0.133,Psi_Site_Chen_MathFeature_Latest_5_0_10_5_1
N107,0.097,0.033,0.1,0.133,0.2,0.066,0.0,0.033,0.033,0.066,0.0,0.0,0.0,0.133,0.0,0.0,Psi_Site_Chen_MathFeature_Latest_5_0_10_5_1
N108,0.0,0.033,0.1,0.033,0.1,0.066,0.0,0.066,0.0,0.1,0.066,0.1,0.033,0.066,0.1,0.133,Psi_Site_Chen_MathFeature_Latest_5_0_10_5_1
N109,0.055,0.033,0.166,0.066,0.1,0.0,0.0,0.0,0.166,0.033,0.133,0.066,0.0,0.033,0.066,0.033,Psi_Site_Chen_MathFeature_Latest_5_0_10_5_1
N110,0.0,0.1,0.066,0.066,0.066,0.033,0.066,0.1,0.066,0.033,0.033,0.1,0.1,0.1,0.033,0.033,Psi_Site_Chen_MathFeature_Latest_5_0_10_5_1
N111,0.019,0.066,0.0,0.033,0.0,0.2,0.066,0.1,0.033,0.066,0.066,0.033,0.066,0.033,0.066,0.133,Psi_Site_Chen_MathFeature_Latest_5_0_10_5_1
N112,0.0,0.0,0.033,0.066,0.0,0.033,0.166,0.066,0.0,0.2,0.133,0.066,0.066,0.033,0.1,0.033,Psi_Site_Chen_MathFeature_Latest_5_0_10_5_1
N113,0.036,0.033,0.066,0.033,0.033,0.066,0.066,0.066,0.066,0.1,0.1,0.066,0.033,0.066,0.1,0.033,Psi_Site_Chen_MathFeature_Latest_5_0_10_5_1
N114,0.059,0.133,0.033,0.033,0.066,0.1,0.066,0.066,0.066,0.033,0.1,0.033,0.066,0.033,0.066,0.0,Psi_Site_Chen_MathFeature_Latest_5_0_10_5_1
N115,0.0,0.0,0.1,0.1,0.133,0.066,0.0,0.066,0.033,0.1,0.1,0.033,0.033,0.1,0.066,0.066,Psi_Site_Chen_MathFeature_Latest_5_0_10_5_1
N116,0.038,0.033,0.033,0.033,0.033,0.1,0.133,0.066,0.0,0.133,0.1,0.033,0.033,0.066,0.0,0.133,Psi_Site_Chen_MathFeature_Latest_5_0_10_5_1
N117,0.014,0.033,0.1,0.033,0.133,0.2,0.033,0.033,0.033,0.133,0.1,0.033,0.0,0.033,0.066,0.0,Psi_Site_Chen_MathFeature_Latest_5_0_10_5_1
N118,0.034,0.033,0.033,0.1,0.033,0.166,0.066,0.066,0.033,0.133,0.066,0.033,0.066,0.0,0.1,0.0,Psi_Site_Chen_MathFeature_Latest_5_0_10_5_1
N119,0.016,0.133,0.0,0.033,0.033,0.133,0.1,0.1,0.0,0.066,0.033,0.0,0.133,0.033,0.0,0.166,Psi_Site_Chen_MathFeature_Latest_5_0_10_5_1
N120,0.039,0.133,0.0,0.0,0.066,0.066,0.033,0.066,0.0,0.033,0.033,0.166,0.066,0.0,0.166,0.1,Psi_Site_Chen_MathFeature_Latest_5_0_10_5_1
N121,0.034,0.1,0.0,0.1,0.033,0.1,0.0,0.066,0.033,0.033,0.033,0.033,0.133,0.0,0.1,0.166,Psi_Site_Chen_MathFeature_Latest_5_0_10_5_1
N122,0.128,0.066,0.0,0.066,0.033,0.0,0.0,0.166,0.0,0.1,0.033,0.0,0.133,0.033,0.066,0.066,Psi_Site_Chen_MathFeature_Latest_5_0_10_5_1
N123,0.017,0.066,0.033,0.033,0.133,0.033,0.0,0.066,0.0,0.1,0.0,0.133,0.033,0.0,0.2,0.133,Psi_Site_Chen_MathFeature_Latest_5_0_10_5_1
N124,0.037,0.033,0.033,0.033,0.033,0.2,0.133,0.066,0.0,0.2,0.066,0.033,0.033,0.0,0.066,0.0,Psi_Site_Chen_MathFeature_Latest_5_0_10_5_1
N125,0.015,0.1,0.0,0.066,0.066,0.033,0.066,0.133,0.033,0.033,0.0,0.066,0.066,0.166,0.066,0.066,Psi_Site_Chen_MathFeature_Latest_5_0_10_5_1
N126,0.016,0.033,0.033,0.033,0.1,0.133,0.0,0.1,0.033,0.1,0.2,0.0,0.0,0.066,0.066,0.066,Psi_Site_Chen_MathFeature_Latest_5_0_10_5_1
N127,0.034,0.066,0.1,0.0,0.033,0.233,0.0,0.166,0.033,0.1,0.0,0.0,0.1,0.033,0.033,0.033,Psi_Site_Chen_MathFeature_Latest_5_0_10_5_1
N128,0.042,0.133,0.033,0.033,0.133,0.2,0.066,0.066,0.033,0.033,0.0,0.033,0.033,0.1,0.0,0.033,Psi_Site_Chen_MathFeature_Latest_5_0_10_5_1
N129,0.035,0.066,0.066,0.033,0.066,0.0,0.133,0.066,0.066,0.1,0.1,0.033,0.033,0.1,0.0,0.066,Psi_Site_Chen_MathFeature_Latest_5_0_10_5_1
N130,0.0,0.033,0.066,0.033,0.066,0.066,0.0,0.133,0.033,0.0,0.0,0.133,0.033,0.166,0.1,0.133,Psi_Site_Chen_MathFeature_Latest_5_0_10_5_1
N131,0.048,0.033,0.1,0.0,0.033,0.033,0.066,0.066,0.0,0.133,0.033,0.066,0.1,0.0,0.066,0.166,Psi_Site_Chen_MathFeature_Latest_5_0_10_5_1
N132,0.039,0.066,0.033,0.066,0.033,0.066,0.066,0.0,0.0,0.0,0.066,0.2,0.1,0.033,0.133,0.066,Psi_Site_Chen_MathFeature_Latest_5_0_10_5_1
N133,0.018,0.066,0.0,0.0,0.033,0.166,0.133,0.066,0.033,0.133,0.0,0.066,0.0,0.066,0.066,0.133,Psi_Site_Chen_MathFeature_Latest_5_0_10_5_1
N134,0.054,0.066,0.033,0.1,0.033,0.2,0.066,0.033,0.033,0.033,0.033,0.033,0.133,0.033,0.0,0.033,Psi_Site_Chen_MathFeature_Latest_5_0_10_5_1
N135,0.048,0.1,0.0,0.033,0.033,0.3,0.1,0.033,0.1,0.0,0.066,0.033,0.0,0.033,0.066,0.0,Psi_Site_Chen_MathFeature_Latest_5_0_10_5_1
N136,0.032,0.066,0.0,0.033,0.0,0.166,0.033,0.1,0.0,0.0,0.1,0.1,0.066,0.066,0.066,0.133,Psi_Site_Chen_MathFeature_Latest_5_0_10_5_1
N137,0.0,0.033,0.1,0.066,0.066,0.066,0.066,0.033,0.033,0.066,0.1,0.066,0.1,0.033,0.033,0.133,Psi_Site_Chen_MathFeature_Latest_5_0_10_5_1
N138,0.0,0.066,0.033,0.0,0.033,0.033,0.066,0.1,0.0,0.066,0.1,0.133,0.066,0.1,0.1,0.1,Psi_Site_Chen_MathFeature_Latest_5_0_10_5_1
N139,0.0,0.066,0.0,0.0,0.066,0.166,0.166,0.033,0.0,0.166,0.033,0.066,0.0,0.033,0.033,0.166,Psi_Site_Chen_MathFeature_Latest_5_0_10_5_1
N140,0.0,0.1,0.0,0.033,0.1,0.133,0.066,0.133,0.033,0.066,0.133,0.0,0.0,0.133,0.033,0.033,Psi_Site_Chen_MathFeature_Latest_5_0_10_5_1
N141,0.016,0.033,0.033,0.0,0.0,0.2,0.0,0.2,0.0,0.0,0.033,0.066,0.066,0.166,0.033,0.133,Psi_Site_Chen_MathFeature_Latest_5_0_10_5_1
N142,0.0,0.033,0.0,0.033,0.0,0.066,0.066,0.133,0.0,0.033,0.0,0.066,0.066,0.166,0.0,0.333,Psi_Site_Chen_MathFeature_Latest_5_0_10_5_1
N143,0.017,0.033,0.033,0.0,0.033,0.0,0.066,0.1,0.0,0.066,0.133,0.133,0.033,0.1,0.1,0.133,Psi_Site_Chen_MathFeature_Latest_5_0_10_5_1
N144,0.018,0.066,0.0,0.166,0.066,0.0,0.0,0.066,0.0,0.0,0.0,0.1,0.166,0.066,0.1,0.166,Psi_Site_Chen_MathFeature_Latest_5_0_10_5_1
N145,0.06,0.033,0.066,0.066,0.0,0.0,0.033,0.1,0.066,0.066,0.0,0.066,0.133,0.033,0.1,0.1,Psi_Site_Chen_MathFeature_Latest_5_0_10_5_1
N146,0.018,0.0,0.0,0.066,0.0,0.0,0.066,0.066,0.0,0.033,0.0,0.1,0.033,0.133,0.066,0.4,Psi_Site_Chen_MathFeature_Latest_5_0_10_5_1
N147,0.014,0.1,0.033,0.0,0.0,0.2,0.066,0.133,0.066,0.033,0.1,0.033,0.066,0.066,0.033,0.033,Psi_Site_Chen_MathFeature_Latest_5_0_10_5_1
N148,0.03,0.1,0.066,0.0,0.033,0.0,0.033,0.1,0.0,0.0,0.166,0.133,0.133,0.066,0.0,0.1,Psi_Site_Chen_MathFeature_Latest_5_0_10_5_1
N149,0.0,0.033,0.0,0.066,0.1,0.0,0.066,0.066,0.0,0.1,0.133,0.066,0.0,0.133,0.1,0.133,Psi_Site_Chen_MathFeature_Latest_5_0_10_5_1
N150,0.041,0.066,0.0,0.033,0.066,0.133,0.066,0.1,0.033,0.066,0.066,0.033,0.0,0.1,0.1,0.066,Psi_Site_Chen_MathFeature_Latest_5_0_10_5_1
N151,0.0,0.1,0.0,0.033,0.1,0.2,0.0,0.166,0.0,0.033,0.0,0.0,0.033,0.133,0.066,0.133,Psi_Site_Chen_MathFeature_Latest_5_0_10_5_1
N152,0.016,0.1,0.066,0.1,0.1,0.066,0.0,0.133,0.033,0.033,0.0,0.033,0.1,0.1,0.033,0.066,Psi_Site_Chen_MathFeature_Latest_5_0_10_5_1
N153,0.033,0.033,0.033,0.133,0.033,0.266,0.0,0.033,0.033,0.0,0.0,0.0,0.133,0.066,0.0,0.166,Psi_Site_Chen_MathFeature_Latest_5_0_10_5_1
N154,0.031,0.033,0.0,0.1,0.1,0.133,0.033,0.1,0.0,0.066,0.033,0.033,0.033,0.133,0.1,0.033,Psi_Site_Chen_MathFeature_Latest_5_0_10_5_1
N155,0.0,0.066,0.033,0.0,0.066,0.4,0.066,0.066,0.033,0.033,0.033,0.033,0.0,0.066,0.0,0.1,Psi_Site_Chen_MathFeature_Latest_5_0_10_5_1
N156,0.029,0.1,0.066,0.0,0.066,0.166,0.033,0.166,0.033,0.066,0.0,0.033,0.066,0.1,0.0,0.033,Psi_Site_Chen_MathFeature_Latest_5_0_10_5_1
N157,0.017,0.066,0.033,0.033,0.1,0.233,0.0,0.166,0.0,0.066,0.033,0.0,0.066,0.1,0.033,0.033,Psi_Site_Chen_MathFeature_Latest_5_0_10_5_1
N158,0.0,0.133,0.0,0.033,0.033,0.266,0.033,0.1,0.033,0.033,0.0,0.033,0.1,0.033,0.066,0.1,Psi_Site_Chen_MathFeature_Latest_5_0_10_5_1
N159,0.059,0.133,0.0,0.0,0.1,0.166,0.066,0.133,0.0,0.033,0.0,0.066,0.033,0.133,0.033,0.0,Psi_Site_Chen_MathFeature_Latest_5_0_10_5_1
N160,0.0,0.066,0.0,0.033,0.066,0.166,0.1,0.133,0.0,0.0,0.033,0.066,0.033,0.2,0.0,0.1,Psi_Site_Chen_MathFeature_Latest_5_0_10_5_1
N161,0.015,0.166,0.033,0.0,0.166,0.133,0.066,0.066,0.0,0.1,0.066,0.033,0.033,0.033,0.0,0.066,Psi_Site_Chen_MathFeature_Latest_5_0_10_5_1
N162,0.0,0.0,0.066,0.033,0.033,0.133,0.066,0.1,0.066,0.0,0.133,0.066,0.0,0.166,0.0,0.133,Psi_Site_Chen_MathFeature_Latest_5_0_10_5_1
N163,0.016,0.066,0.0,0.066,0.066,0.166,0.033,0.133,0.033,0.066,0.133,0.0,0.033,0.1,0.066,0.0,Psi_Site_Chen_MathFeature_Latest_5_0_10_5_1
N164,0.035,0.133,0.066,0.0,0.133,0.133,0.066,0.033,0.033,0.1,0.033,0.066,0.033,0.0,0.066,0.033,Psi_Site_Chen_MathFeature_Latest_5_0_10_5_1
N165,0.048,0.1,0.033,0.066,0.066,0.033,0.066,0.033,0.066,0.033,0.033,0.066,0.066,0.033,0.1,0.1,Psi_Site_Chen_MathFeature_Latest_5_0_10_5_1
N166,0.096,0.066,0.033,0.133,0.166,0.066,0.0,0.0,0.0,0.066,0.033,0.033,0.1,0.033,0.066,0.033,Psi_Site_Chen_MathFeature_Latest_5_0_10_5_1
N167,0.019,0.0,0.0,0.1,0.066,0.066,0.033,0.1,0.033,0.033,0.133,0.033,0.033,0.133,0.066,0.133,Psi_Site_Chen_MathFeature_Latest_5_0_10_5_1
N168,0.016,0.066,0.066,0.166,0.1,0.0,0.033,0.033,0.1,0.033,0.0,0.066,0.066,0.066,0.1,0.066,Psi_Site_Chen_MathFeature_Latest_5_0_10_5_1
N169,0.04,0.066,0.1,0.066,0.133,0.0,0.0,0.066,0.066,0.133,0.066,0.0,0.033,0.033,0.1,0.033,Psi_Site_Chen_MathFeature_Latest_5_0_10_5_1
N170,0.0,0.0,0.066,0.033,0.0,0.166,0.1,0.033,0.033,0.066,0.1,0.066,0.066,0.033,0.0,0.233,Psi_Site_Chen_MathFeature_Latest_5_0_10_5_1
N171,0.041,0.0,0.1,0.033,0.033,0.0,0.033,0.066,0.033,0.1,0.166,0.066,0.033,0.033,0.1,0.133,Psi_Site_Chen_MathFeature_Latest_5_0_10_5_1
N172,0.055,0.033,0.0,0.1,0.0,0.0,0.0,0.133,0.0,0.066,0.033,0.033,0.133,0.066,0.1,0.2,Psi_Site_Chen_MathFeature_Latest_5_0_10_5_1
N173,0.017,0.133,0.066,0.033,0.1,0.1,0.033,0.033,0.066,0.033,0.1,0.066,0.066,0.0,0.033,0.1,Psi_Site_Chen_MathFeature_Latest_5_0_10_5_1
N174,0.0,0.0,0.033,0.066,0.0,0.1,0.066,0.133,0.0,0.133,0.133,0.0,0.066,0.1,0.033,0.133,Psi_Site_Chen_MathFeature_Latest_5_0_10_5_1
N175,0.0,0.1,0.033,0.0,0.066,0.166,0.1,0.133,0.033,0.133,0.033,0.033,0.066,0.066,0.033,0.0,Psi_Site_Chen_MathFeature_Latest_5_0_10_5_1
N176,0.046,0.066,0.033,0.1,0.066,0.133,0.0,0.033,0.066,0.033,0.0,0.0,0.066,0.033,0.066,0.2,Psi_Site_Chen_MathFeature_Latest_5_0_10_5_1
N177,0.015,0.0,0.066,0.0,0.033,0.1,0.1,0.0,0.0,0.1,0.066,0.133,0.0,0.066,0.066,0.233,Psi_Site_Chen_MathFeature_Latest_5_0_10_5_1
N178,0.017,0.1,0.0,0.0,0.066,0.1,0.1,0.066,0.0,0.033,0.1,0.166,0.033,0.1,0.066,0.033,Psi_Site_Chen_MathFeature_Latest_5_0_10_5_1
N179,0.016,0.0,0.0,0.1,0.066,0.1,0.033,0.066,0.0,0.1,0.0,0.0,0.066,0.033,0.066,0.333,Psi_Site_Chen_MathFeature_Latest_5_0_10_5_1
N180,0.044,0.133,0.066,0.033,0.133,0.033,0.033,0.066,0.0,0.066,0.033,0.1,0.1,0.066,0.033,0.033,Psi_Site_Chen_MathFeature_Latest_5_0_10_5_1
N181,0.0,0.066,0.033,0.1,0.066,0.033,0.133,0.033,0.033,0.1,0.0,0.066,0.1,0.066,0.033,0.133,Psi_Site_Chen_MathFeature_Latest_5_0_10_5_1
N182,0.052,0.033,0.066,0.1,0.1,0.033,0.033,0.0,0.033,0.1,0.1,0.066,0.066,0.033,0.1,0.033,Psi_Site_Chen_MathFeature_Latest_5_0_10_5_1
N183,0.029,0.0,0.033,0.033,0.033,0.133,0.033,0.1,0.066,0.1,0.166,0.0,0.0,0.066,0.066,0.1,Psi_Site_Chen_MathFeature_Latest_5_0_10_5_1
N184,0.016,0.033,0.0,0.1,0.033,0.166,0.0,0.2,0.0,0.0,0.0,0.0,0.066,0.233,0.0,0.133,Psi_Site_Chen_MathFeature_Latest_5_0_10_5_1
N185,0.017,0.0,0.066,0.1,0.066,0.033,0.1,0.066,0.033,0.133,0.1,0.033,0.066,0.066,0.066,0.033,Psi_Site_Chen_MathFeature_Latest_5_0_10_5_1
N186,0.0,0.066,0.133,0.033,0.0,0.0,0.033,0.066,0.066,0.033,0.2,0.133,0.166,0.0,0.033,0.033,Psi_Site_Chen_MathFeature_Latest_5_0_10_5_1
N187,0.018,0.033,0.1,0.1,0.033,0.033,0.0,0.066,0.066,0.0,0.066,0.066,0.166,0.066,0.033,0.133,Psi_Site_Chen_MathFeature_Latest_5_0_10_5_1
N188,0.016,0.066,0.033,0.066,0.033,0.133,0.066,0.1,0.1,0.033,0.066,0.0,0.033,0.1,0.033,0.1,Psi_Site_Chen_MathFeature_Latest_5_0_10_5_1
N189,0.036,0.033,0.033,0.033,0.1,0.133,0.033,0.2,0.0,0.033,0.0,0.033,0.0,0.266,0.0,0.033,Psi_Site_Chen_MathFeature_Latest_5_0_10_5_1
N190,0.0,0.033,0.033,0.033,0.066,0.1,0.066,0.1,0.033,0.1,0.033,0.033,0.0,0.133,0.066,0.166,Psi_Site_Chen_MathFeature_Latest_5_0_10_5_1
N191,0.05,0.066,0.066,0.0,0.066,0.3,0.033,0.033,0.0,0.033,0.033,0.066,0.066,0.033,0.0,0.1,Psi_Site_Chen_MathFeature_Latest_5_0_10_5_1
N192,0.018,0.033,0.033,0.066,0.0,0.033,0.133,0.033,0.0,0.1,0.033,0.133,0.1,0.033,0.1,0.133,Psi_Site_Chen_MathFeature_Latest_5_0_10_5_1
N193,0.015,0.1,0.033,0.033,0.066,0.133,0.033,0.166,0.0,0.066,0.033,0.0,0.1,0.1,0.0,0.1,Psi_Site_Chen_MathFeature_Latest_5_0_10_5_1
N194,0.016,0.0,0.066,0.033,0.0,0.0,0.033,0.033,0.033,0.033,0.166,0.133,0.1,0.033,0.1,0.2,Psi_Site_Chen_MathFeature_Latest_5_0_10_5_1
N195,0.018,0.066,0.0,0.0,0.033,0.1,0.133,0.133,0.066,0.1,0.1,0.033,0.0,0.1,0.066,0.033,Psi_Site_Chen_MathFeature_Latest_5_0_10_5_1
N196,0.015,0.066,0.033,0.0,0.133,0.166,0.066,0.1,0.0,0.033,0.033,0.066,0.0,0.166,0.0,0.1,Psi_Site_Chen_MathFeature_Latest_5_0_10_5_1
N197,0.084,0.066,0.1,0.033,0.0,0.0,0.066,0.066,0.133,0.033,0.0,0.066,0.033,0.033,0.1,0.1,Psi_Site_Chen_MathFeature_Latest_5_0_10_5_1
N198,0.0,0.033,0.1,0.0,0.033,0.1,0.033,0.1,0.033,0.133,0.1,0.033,0.066,0.0,0.066,0.166,Psi_Site_Chen_MathFeature_Latest_5_0_10_5_1
N199,0.027,0.066,0.033,0.066,0.033,0.166,0.033,0.1,0.0,0.066,0.066,0.033,0.1,0.066,0.033,0.066,Psi_Site_Chen_MathFeature_Latest_5_0_10_5_1
N200,0.033,0.0,0.033,0.133,0.0,0.033,0.033,0.066,0.0,0.033,0.0,0.066,0.133,0.1,0.033,0.266,Psi_Site_Chen_MathFeature_Latest_5_0_10_5_1
N201,0.015,0.033,0.066,0.033,0.066,0.333,0.066,0.066,0.033,0.066,0.033,0.033,0.033,0.066,0.0,0.033,Psi_Site_Chen_MathFeature_Latest_5_0_10_5_1
N202,0.0,0.066,0.066,0.066,0.1,0.366,0.033,0.066,0.033,0.033,0.0,0.033,0.066,0.066,0.0,0.0,Psi_Site_Chen_MathFeature_Latest_5_0_10_5_1
N203,0.016,0.033,0.033,0.066,0.066,0.166,0.0,0.1,0.033,0.066,0.033,0.033,0.066,0.066,0.1,0.1,Psi_Site_Chen_MathFeature_Latest_5_0_10_5_1
N204,0.0,0.0,0.066,0.066,0.1,0.066,0.033,0.033,0.033,0.1,0.1,0.1,0.0,0.066,0.166,0.066,Psi_Site_Chen_MathFeature_Latest_5_0_10_5_1
N205,0.0,0.0,0.033,0.033,0.0,0.0,0.033,0.066,0.033,0.066,0.133,0.2,0.033,0.033,0.233,0.1,Psi_Site_Chen_MathFeature_Latest_5_0_10_5_1
N206,0.0,0.033,0.0,0.033,0.0,0.1,0.133,0.066,0.033,0.133,0.1,0.066,0.0,0.066,0.1,0.133,Psi_Site_Chen_MathFeature_Latest_5_0_10_5_1
N207,0.0,0.033,0.033,0.0,0.066,0.033,0.2,0.066,0.0,0.166,0.133,0.066,0.0,0.133,0.033,0.033,Psi_Site_Chen_MathFeature_Latest_5_0_10_5_1
N208,0.084,0.1,0.066,0.033,0.066,0.166,0.0,0.066,0.066,0.066,0.0,0.033,0.066,0.0,0.066,0.033,Psi_Site_Chen_MathFeature_Latest_5_0_10_5_1
N209,0.018,0.033,0.0,0.033,0.066,0.133,0.1,0.066,0.0,0.1,0.0,0.066,0.0,0.133,0.066,0.166,Psi_Site_Chen_MathFeature_Latest_5_0_10_5_1
N210,0.025,0.033,0.033,0.133,0.0,0.1,0.033,0.033,0.066,0.0,0.033,0.033,0.1,0.033,0.033,0.266,Psi_Site_Chen_MathFeature_Latest_5_0_10_5_1
N211,0.042,0.0,0.066,0.033,0.033,0.066,0.1,0.0,0.0,0.066,0.066,0.2,0.066,0.033,0.133,0.066,Psi_Site_Chen_MathFeature_Latest_5_0_10_5_1
N212,0.031,0.1,0.0,0.0,0.033,0.4,0.0,0.066,0.0,0.033,0.0,0.0,0.066,0.0,0.033,0.2,Psi_Site_Chen_MathFeature_Latest_5_0_10_5_1
N213,0.05,0.066,0.0,0.033,0.033,0.1,0.1,0.1,0.033,0.1,0.066,0.033,0.033,0.066,0.066,0.066,Psi_Site_Chen_MathFeature_Latest_5_0_10_5_1
N214,0.0,0.066,0.0,0.033,0.033,0.1,0.033,0.166,0.033,0.033,0.1,0.066,0.033,0.1,0.1,0.1,Psi_Site_Chen_MathFeature_Latest_5_0_10_5_1
N215,0.016,0.033,0.033,0.0,0.033,0.166,0.066,0.166,0.033,0.066,0.1,0.0,0.033,0.133,0.0,0.1,Psi_Site_Chen_MathFeature_Latest_5_0_10_5_1
N216,0.0,0.1,0.066,0.066,0.133,0.166,0.033,0.033,0.033,0.066,0.033,0.066,0.033,0.033,0.066,0.066,Psi_Site_Chen_MathFeature_Latest_5_0_10_5_1
N217,0.015,0.0,0.033,0.033,0.033,0.2,0.1,0.1,0.0,0.1,0.1,0.066,0.033,0.133,0.033,0.0,Psi_Site_Chen_MathFeature_Latest_5_0_10_5_1
N218,0.051,0.1,0.0,0.033,0.066,0.2,0.066,0.033,0.0,0.0,0.0,0.133,0.066,0.066,0.066,0.066,Psi_Site_Chen_MathFeature_Latest_5_0_10_5_1
N219,0.047,0.1,0.033,0.066,0.133,0.166,0.033,0.066,0.066,0.0,0.0,0.033,0.0,0.133,0.033,0.033,Psi_Site_Chen_MathFeature_Latest_5_0_10_5_1
N220,0.055,0.0,0.033,0.1,0.033,0.066,0.033,0.166,0.066,0.066,0.066,0.0,0.033,0.133,0.066,0.033,Psi_Site_Chen_MathFeature_Latest_5_0_10_5_1
N221,0.058,0.033,0.0,0.133,0.033,0.066,0.066,0.0,0.033,0.033,0.1,0.066,0.066,0.033,0.1,0.133,Psi_Site_Chen_MathFeature_Latest_5_0_10_5_1
N222,0.037,0.066,0.0,0.1,0.066,0.033,0.1,0.066,0.033,0.066,0.0,0.066,0.066,0.1,0.033,0.133,Psi_Site_Chen_MathFeature_Latest_5_0_10_5_1
N223,0.018,0.0,0.033,0.1,0.033,0.066,0.033,0.066,0.0,0.033,0.0,0.1,0.1,0.066,0.066,0.266,Psi_Site_Chen_MathFeature_Latest_5_0_10_5_1
N224,0.0,0.033,0.0,0.033,0.066,0.066,0.1,0.066,0.0,0.166,0.066,0.033,0.0,0.066,0.1,0.2,Psi_Site_Chen_MathFeature_Latest_5_0_10_5_1
N225,0.099,0.1,0.066,0.033,0.1,0.0,0.033,0.033,0.033,0.033,0.033,0.033,0.066,0.0,0.0,0.2,Psi_Site_Chen_MathFeature_Latest_5_0_10_5_1
N226,0.014,0.066,0.1,0.066,0.133,0.066,0.0,0.1,0.033,0.066,0.0,0.033,0.066,0.1,0.033,0.1,Psi_Site_Chen_MathFeature_Latest_5_0_10_5_1
N227,0.0,0.1,0.0,0.066,0.066,0.166,0.0,0.2,0.0,0.0,0.0,0.0,0.1,0.133,0.0,0.166,Psi_Site_Chen_MathFeature_Latest_5_0_10_5_1
N228,0.014,0.033,0.1,0.066,0.1,0.133,0.033,0.033,0.033,0.066,0.0,0.066,0.066,0.066,0.066,0.1,Psi_Site_Chen_MathFeature_Latest_5_0_10_5_1
N229,0.016,0.033,0.066,0.1,0.033,0.166,0.033,0.066,0.066,0.0,0.033,0.066,0.1,0.1,0.033,0.066,Psi_Site_Chen_MathFeature_Latest_5_0_10_5_1
N230,0.018,0.0,0.066,0.1,0.033,0.066,0.033,0.0,0.033,0.033,0.1,0.133,0.1,0.0,0.1,0.166,Psi_Site_Chen_MathFeature_Latest_5_0_10_5_1
N231,0.036,0.1,0.0,0.0,0.033,0.166,0.1,0.1,0.0,0.066,0.0,0.1,0.066,0.066,0.066,0.066,Psi_Site_Chen_MathFeature_Latest_5_0_10_5_1
N232,0.017,0.0,0.0,0.066,0.0,0.1,0.033,0.1,0.033,0.0,0.033,0.066,0.0,0.166,0.066,0.3,Psi_Site_Chen_MathFeature_Latest_5_0_10_5_1
N233,0.036,0.033,0.0,0.1,0.033,0.0,0.033,0.1,0.0,0.066,0.033,0.1,0.1,0.066,0.1,0.166,Psi_Site_Chen_MathFeature_Latest_5_0_10_5_1
N234,0.0,0.0,0.0,0.066,0.033,0.066,0.033,0.2,0.033,0.033,0.0,0.1,0.0,0.233,0.133,0.066,Psi_Site_Chen_MathFeature_Latest_5_0_10_5_1
N235,0.015,0.066,0.033,0.0,0.033,0.1,0.0,0.166,0.066,0.0,0.1,0.033,0.033,0.1,0.066,0.166,Psi_Site_Chen_MathFeature_Latest_5_0_10_5_1
N236,0.0,0.0,0.033,0.066,0.0,0.066,0.0,0.133,0.0,0.066,0.1,0.033,0.066,0.1,0.066,0.266,Psi_Site_Chen_MathFeature_Latest_5_0_10_5_1
N237,0.016,0.033,0.033,0.033,0.033,0.066,0.066,0.1,0.0,0.166,0.1,0.033,0.066,0.0,0.1,0.133,Psi_Site_Chen_MathFeature_Latest_5_0_10_5_1
N238,0.087,0.033,0.033,0.1,0.066,0.033,0.066,0.033,0.033,0.1,0.1,0.066,0.033,0.033,0.1,0.033,Psi_Site_Chen_MathFeature_Latest_5_0_10_5_1
N239,0.0,0.033,0.033,0.0,0.0,0.033,0.1,0.066,0.033,0.066,0.1,0.133,0.0,0.066,0.133,0.2,Psi_Site_Chen_MathFeature_Latest_5_0_10_5_1
N240,0.047,0.0,0.033,0.066,0.066,0.133,0.033,0.033,0.033,0.033,0.066,0.033,0.0,0.1,0.033,0.233,Psi_Site_Chen_MathFeature_Latest_5_0_10_5_1
N241,0.04,0.033,0.033,0.066,0.033,0.033,0.1,0.066,0.033,0.1,0.1,0.1,0.066,0.066,0.066,0.033,Psi_Site_Chen_MathFeature_Latest_5_0_10_5_1
N242,0.014,0.033,0.066,0.033,0.066,0.0,0.033,0.033,0.066,0.066,0.066,0.066,0.0,0.033,0.133,0.266,Psi_Site_Chen_MathFeature_Latest_5_0_10_5_1
N243,0.0,0.066,0.066,0.0,0.033,0.166,0.133,0.066,0.0,0.133,0.033,0.066,0.066,0.033,0.033,0.1,Psi_Site_Chen_MathFeature_Latest_5_0_10_5_1
N244,0.0,0.066,0.033,0.066,0.033,0.133,0.033,0.133,0.033,0.1,0.0,0.033,0.066,0.066,0.1,0.1,Psi_Site_Chen_MathFeature_Latest_5_0_10_5_1
N245,0.05,0.0,0.1,0.0,0.066,0.1,0.066,0.066,0.0,0.1,0.066,0.1,0.033,0.1,0.033,0.066,Psi_Site_Chen_MathFeature_Latest_5_0_10_5_1
N246,0.037,0.066,0.066,0.066,0.033,0.066,0.066,0.066,0.066,0.0,0.066,0.066,0.1,0.1,0.0,0.1,Psi_Site_Chen_MathFeature_Latest_5_0_10_5_1
N247,0.0,0.066,0.0,0.1,0.033,0.133,0.133,0.0,0.1,0.033,0.1,0.066,0.066,0.033,0.066,0.066,Psi_Site_Chen_MathFeature_Latest_5_0_10_5_1
N248,0.025,0.0,0.1,0.133,0.0,0.0,0.066,0.066,0.1,0.066,0.033,0.033,0.133,0.066,0.066,0.066,Psi_Site_Chen_MathFeature_Latest_5_0_10_5_1
N249,0.047,0.0,0.133,0.1,0.033,0.1,0.033,0.033,0.1,0.066,0.1,0.0,0.1,0.033,0.0,0.066,Psi_Site_Chen_MathFeature_Latest_5_0_10_5_1
N250,0.014,0.133,0.033,0.033,0.033,0.0,0.066,0.133,0.1,0.066,0.033,0.033,0.033,0.066,0.1,0.1,Psi_Site_Chen_MathFeature_Latest_5_0_10_5_1
N251,0.0,0.0,0.033,0.066,0.033,0.066,0.066,0.066,0.0,0.033,0.0,0.1,0.066,0.1,0.033,0.333,Psi_Site_Chen_MathFeature_Latest_5_0_10_5_1
N252,0.032,0.1,0.1,0.0,0.133,0.166,0.066,0.033,0.033,0.066,0.066,0.066,0.033,0.033,0.033,0.0,Psi_Site_Chen_MathFeature_Latest_5_0_10_5_1
N253,0.033,0.133,0.066,0.0,0.033,0.1,0.033,0.133,0.0,0.066,0.033,0.066,0.166,0.033,0.0,0.066,Psi_Site_Chen_MathFeature_Latest_5_0_10_5_1
N254,0.0,0.066,0.1,0.0,0.066,0.0,0.066,0.033,0.066,0.066,0.066,0.166,0.066,0.033,0.133,0.066,Psi_Site_Chen_MathFeature_Latest_5_0_10_5_1
N255,0.03,0.033,0.033,0.066,0.0,0.0,0.0,0.1,0.066,0.033,0.1,0.066,0.066,0.066,0.133,0.166,Psi_Site_Chen_MathFeature_Latest_5_0_10_5_1
N256,0.05,0.066,0.066,0.066,0.133,0.166,0.033,0.066,0.066,0.0,0.033,0.033,0.0,0.133,0.0,0.033,Psi_Site_Chen_MathFeature_Latest_5_0_10_5_1
N257,0.051,0.1,0.066,0.033,0.133,0.1,0.1,0.0,0.066,0.066,0.1,0.033,0.0,0.033,0.033,0.033,Psi_Site_Chen_MathFeature_Latest_5_0_10_5_1
N258,0.0,0.066,0.033,0.1,0.033,0.033,0.0,0.1,0.066,0.0,0.066,0.033,0.1,0.066,0.066,0.233,Psi_Site_Chen_MathFeature_Latest_5_0_10_5_1
N259,0.014,0.066,0.033,0.033,0.066,0.1,0.0,0.133,0.0,0.0,0.1,0.066,0.066,0.166,0.033,0.1,Psi_Site_Chen_MathFeature_Latest_5_0_10_5_1
N260,0.038,0.066,0.133,0.0,0.033,0.133,0.1,0.1,0.1,0.133,0.0,0.0,0.066,0.033,0.0,0.0,Psi_Site_Chen_MathFeature_Latest_5_0_10_5_1
N261,0.014,0.0,0.033,0.066,0.033,0.133,0.066,0.1,0.033,0.066,0.066,0.033,0.033,0.133,0.0,0.166,Psi_Site_Chen_MathFeature_Latest_5_0_10_5_1
N262,0.0,0.1,0.0,0.066,0.066,0.166,0.066,0.066,0.0,0.1,0.033,0.1,0.1,0.0,0.1,0.033,Psi_Site_Chen_MathFeature_Latest_5_0_10_5_1
N263,0.0,0.033,0.0,0.033,0.0,0.166,0.033,0.133,0.033,0.066,0.1,0.066,0.033,0.1,0.1,0.1,Psi_Site_Chen_MathFeature_Latest_5_0_10_5_1
N264,0.0,0.133,0.066,0.033,0.066,0.066,0.033,0.166,0.066,0.066,0.033,0.0,0.066,0.066,0.033,0.1,Psi_Site_Chen_MathFeature_Latest_5_0_10_5_1
N265,0.0,0.0,0.066,0.066,0.066,0.033,0.033,0.066,0.0,0.066,0.133,0.1,0.066,0.066,0.1,0.133,Psi_Site_Chen_MathFeature_Latest_5_0_10_5_1
N266,0.017,0.033,0.066,0.066,0.033,0.066,0.066,0.066,0.066,0.066,0.066,0.1,0.1,0.066,0.066,0.033,Psi_Site_Chen_MathFeature_Latest_5_0_10_5_1
N267,0.0,0.033,0.033,0.066,0.033,0.2,0.033,0.133,0.0,0.0,0.033,0.1,0.1,0.2,0.033,0.0,Psi_Site_Chen_MathFeature_Latest_5_0_10_5_1
N268,0.0,0.1,0.033,0.033,0.133,0.1,0.033,0.066,0.033,0.066,0.033,0.066,0.0,0.033,0.133,0.133,Psi_Site_Chen_MathFeature_Latest_5_0_10_5_1
N269,0.048,0.066,0.066,0.066,0.1,0.133,0.033,0.0,0.033,0.066,0.033,0.1,0.066,0.0,0.066,0.066,Psi_Site_Chen_MathFeature_Latest_5_0_10_5_1
N270,0.076,0.066,0.066,0.1,0.1,0.066,0.033,0.066,0.033,0.133,0.0,0.0,0.1,0.0,0.066,0.033,Psi_Site_Chen_MathFeature_Latest_5_0_10_5_1
N271,0.068,0.133,0.033,0.066,0.133,0.066,0.066,0.033,0.066,0.033,0.033,0.033,0.066,0.033,0.033,0.033,Psi_Site_Chen_MathFeature_Latest_5_0_10_5_1
N272,0.048,0.1,0.066,0.1,0.133,0.0,0.033,0.1,0.033,0.1,0.033,0.033,0.066,0.066,0.066,0.0,Psi_Site_Chen_MathFeature_Latest_5_0_10_5_1
N273,0.014,0.0,0.066,0.1,0.133,0.066,0.066,0.066,0.033,0.133,0.0,0.033,0.0,0.133,0.066,0.066,Psi_Site_Chen_MathFeature_Latest_5_0_10_5_1
N274,0.017,0.033,0.033,0.033,0.0,0.033,0.066,0.2,0.066,0.066,0.133,0.033,0.033,0.133,0.066,0.033,Psi_Site_Chen_MathFeature_Latest_5_0_10_5_1
N275,0.031,0.066,0.166,0.0,0.1,0.066,0.033,0.033,0.1,0.066,0.066,0.066,0.033,0.033,0.066,0.033,Psi_Site_Chen_MathFeature_Latest_5_0_10_5_1
N276,0.0,0.033,0.033,0.0,0.0,0.066,0.066,0.133,0.0,0.066,0.1,0.1,0.033,0.1,0.066,0.2,Psi_Site_Chen_MathFeature_Latest_5_0_10_5_1
N277,0.016,0.033,0.0,0.133,0.033,0.133,0.0,0.1,0.066,0.033,0.0,0.0,0.066,0.066,0.066,0.233,Psi_Site_Chen_MathFeature_Latest_5_0_10_5_1
N278,0.031,0.033,0.033,0.033,0.0,0.0,0.033,0.033,0.066,0.0,0.066,0.066,0.033,0.066,0.066,0.4,Psi_Site_Chen_MathFeature_Latest_5_0_10_5_1
N279,0.117,0.066,0.1,0.1,0.133,0.033,0.0,0.033,0.066,0.033,0.0,0.0,0.066,0.1,0.0,0.033,Psi_Site_Chen_MathFeature_Latest_5_0_10_5_1
N280,0.016,0.033,0.066,0.0,0.0,0.133,0.1,0.1,0.0,0.133,0.1,0.066,0.1,0.0,0.033,0.1,Psi_Site_Chen_MathFeature_Latest_5_0_10_5_1
N281,0.0,0.1,0.066,0.033,0.1,0.033,0.0,0.1,0.0,0.033,0.1,0.1,0.1,0.066,0.066,0.1,Psi_Site_Chen_MathFeature_Latest_5_0_10_5_1
N282,0.036,0.066,0.1,0.0,0.066,0.066,0.1,0.066,0.033,0.133,0.1,0.066,0.033,0.033,0.066,0.0,Psi_Site_Chen_MathFeature_Latest_5_0_10_5_1
N283,0.027,0.1,0.066,0.066,0.133,0.2,0.0,0.1,0.066,0.033,0.033,0.0,0.033,0.066,0.033,0.0,Psi_Site_Chen_MathFeature_Latest_5_0_10_5_1
N284,0.099,0.1,0.0,0.1,0.1,0.033,0.0,0.066,0.033,0.066,0.0,0.033,0.066,0.033,0.1,0.066,Psi_Site_Chen_MathFeature_Latest_5_0_10_5_1
N285,0.015,0.066,0.0,0.0,0.0,0.033,0.066,0.133,0.033,0.0,0.033,0.033,0.033,0.133,0.033,0.366,Psi_Site_Chen_MathFeature_Latest_5_0_10_5_1
N286,0.016,0.1,0.0,0.066,0.033,0.033,0.1,0.1,0.0,0.066,0.066,0.066,0.133,0.066,0.0,0.133,Psi_Site_Chen_MathFeature_Latest_5_0_10_5_1
N287,0.017,0.033,0.066,0.0,0.066,0.333,0.033,0.1,0.0,0.133,0.1,0.0,0.066,0.0,0.033,0.0,Psi_Site_Chen_MathFeature_Latest_5_0_10_5_1
N288,0.069,0.166,0.0,0.066,0.033,0.066,0.033,0.133,0.0,0.033,0.0,0.033,0.166,0.033,0.033,0.066,Psi_Site_Chen_MathFeature_Latest_5_0_10_5_1
N289,0.0,0.133,0.033,0.033,0.1,0.166,0.033,0.2,0.0,0.066,0.0,0.0,0.1,0.133,0.0,0.0,Psi_Site_Chen_MathFeature_Latest_5_0_10_5_1
N290,0.015,0.1,0.033,0.033,0.033,0.166,0.033,0.133,0.033,0.033,0.0,0.033,0.1,0.033,0.033,0.166,Psi_Site_Chen_MathFeature_Latest_5_0_10_5_1
N291,0.0,0.1,0.1,0.033,0.1,0.1,0.066,0.033,0.1,0.1,0.066,0.066,0.0,0.033,0.1,0.0,Psi_Site_Chen_MathFeature_Latest_5_0_10_5_1
N292,0.0,0.066,0.066,0.1,0.033,0.066,0.066,0.1,0.1,0.0,0.033,0.066,0.1,0.1,0.066,0.033,Psi_Site_Chen_MathFeature_Latest_5_0_10_5_1
N293,0.015,0.1,0.066,0.133,0.0,0.0,0.066,0.066,0.066,0.0,0.033,0.1,0.233,0.066,0.0,0.033,Psi_Site_Chen_MathFeature_Latest_5_0_10_5_1
N294,0.069,0.033,0.1,0.1,0.1,0.033,0.033,0.0,0.0,0.066,0.0,0.133,0.1,0.033,0.066,0.066,Psi_Site_Chen_MathFeature_Latest_5_0_10_5_1
N295,0.017,0.0,0.0,0.066,0.033,0.166,0.033,0.066,0.0,0.133,0.0,0.066,0.066,0.0,0.133,0.2,Psi_Site_Chen_MathFeature_Latest_5_0_10_5_1
N296,0.014,0.033,0.033,0.2,0.1,0.0,0.0,0.033,0.033,0.0,0.1,0.033,0.1,0.133,0.033,0.133,Psi_Site_Chen_MathFeature_Latest_5_0_10_5_1
N297,0.014,0.133,0.066,0.033,0.066,0.133,0.133,0.0,0.1,0.033,0.0,0.1,0.066,0.066,0.033,0.0,Psi_Site_Chen_MathFeature_Latest_5_0_10_5_1
N298,0.033,0.033,0.166,0.033,0.0,0.033,0.033,0.066,0.133,0.033,0.033,0.1,0.1,0.033,0.066,0.066,Psi_Site_Chen_MathFeature_Latest_5_0_10_5_1
N299,0.036,0.0,0.066,0.0,0.033,0.2,0.133,0.066,0.0,0.133,0.066,0.066,0.0,0.1,0.033,0.033,Psi_Site_Chen_MathFeature_Latest_5_0_10_5_1
N300,0.0,0.166,0.0,0.033,0.1,0.1,0.1,0.033,0.033,0.066,0.066,0.1,0.066,0.0,0.066,0.066,Psi_Site_Chen_MathFeature_Latest_5_0_10_5_1
N301,0.017,0.066,0.033,0.066,0.0,0.033,0.066,0.1,0.066,0.0,0.066,0.1,0.1,0.1,0.066,0.1,Psi_Site_Chen_MathFeature_Latest_5_0_10_5_1
N302,0.015,0.033,0.1,0.033,0.0,0.033,0.133,0.066,0.1,0.133,0.133,0.0,0.066,0.033,0.0,0.1,Psi_Site_Chen_MathFeature_Latest_5_0_10_5_1
N303,0.018,0.1,0.0,0.066,0.066,0.066,0.066,0.133,0.0,0.066,0.0,0.033,0.133,0.066,0.033,0.133,Psi_Site_Chen_MathFeature_Latest_5_0_10_5_1
N304,0.02,0.033,0.033,0.066,0.066,0.066,0.066,0.033,0.033,0.133,0.066,0.1,0.033,0.033,0.166,0.033,Psi_Site_Chen_MathFeature_Latest_5_0_10_5_1
N305,0.0,0.0,0.066,0.066,0.033,0.1,0.033,0.1,0.066,0.033,0.033,0.1,0.033,0.1,0.1,0.133,Psi_Site_Chen_MathFeature_Latest_5_0_10_5_1
N306,0.0,0.033,0.033,0.0,0.033,0.2,0.033,0.2,0.0,0.1,0.033,0.066,0.033,0.1,0.1,0.033,Psi_Site_Chen_MathFeature_Latest_5_0_10_5_1
N307,0.041,0.0,0.033,0.1,0.133,0.0,0.0,0.033,0.033,0.066,0.0,0.033,0.0,0.1,0.1,0.3,Psi_Site_Chen_MathFeature_Latest_5_0_10_5_1
N308,0.042,0.1,0.0,0.066,0.033,0.233,0.066,0.133,0.033,0.033,0.0,0.0,0.1,0.1,0.0,0.0,Psi_Site_Chen_MathFeature_Latest_5_0_10_5_1
N309,0.016,0.066,0.0,0.033,0.033,0.166,0.1,0.133,0.033,0.033,0.033,0.066,0.066,0.133,0.033,0.033,Psi_Site_Chen_MathFeature_Latest_5_0_10_5_1
N310,0.054,0.066,0.033,0.033,0.066,0.1,0.033,0.166,0.033,0.066,0.0,0.0,0.066,0.133,0.033,0.066,Psi_Site_Chen_MathFeature_Latest_5_0_10_5_1
N311,0.019,0.033,0.066,0.0,0.066,0.066,0.066,0.133,0.033,0.133,0.1,0.0,0.033,0.1,0.033,0.1,Psi_Site_Chen_MathFeature_Latest_5_0_10_5_1
N312,0.048,0.066,0.033,0.033,0.066,0.066,0.066,0.066,0.033,0.033,0.066,0.066,0.033,0.1,0.033,0.133,Psi_Site_Chen_MathFeature_Latest_5_0_10_5_1
N313,0.06,0.1,0.033,0.033,0.066,0.1,0.066,0.166,0.033,0.066,0.0,0.0,0.066,0.1,0.033,0.0,Psi_Site_Chen_MathFeature_Latest_5_0_10_5_1
N314,0.072,0.066,0.033,0.1,0.066,0.033,0.0,0.033,0.0,0.066,0.0,0.033,0.133,0.0,0.066,0.2,Psi_Site_Chen_MathFeature_Latest_5_0_10_5_1
